set_number,common_name,leg.x,location,date.x,size_class,number_retained_for_isotopes_and_other_analyses,fa_sample,comments,processed,individs_caught,species,kingdom,phylum,class,order,family,genus,level,LCT,area,line,net_tow,date.y,time_in_water_gmt,start_latitude_n,start_longitude_w,time_door_in,lat_door_in_deg,lat_door_in_min,long_door_in_deg,long_door_in_min,time_door_out,lat_door_out_deg,lat_door_out_min,long_door_out_deg,long_door_out_min,time_out_of_water_gmt,end_latitude_n,end_longitude_w,bottom_depth_m,depth_range_targeted_m,depth_mean,time_target_depth_start_gmt,time_target_depth_stop_gmt,average_wire_out,vessel_tow_speed_knots,codend_fullness,fraction_processed,notes,north_south,lat_door_in_dd,long_door_in_dd,lat_door_out_dd,long_door_out_dd,duration_minutes
1,Pink Salmon,1,Johnston Strait,2018-08-01T00:00:00Z,NA,3,1,"For Leg 1, ""FA samples"" are also included in ""Number retained""; for Leg 2, ""Number retained"" represents the samples collected and put in the freezer -- if ""FA Sample"" is not included in the number, it is indicated in the comments",Y,3,Oncorhynchus gorbuscha,Animalia,Chordata,Actinopterygii,Salmoniformes,Salmonidae,Oncorhynchus,species,Oncorhynchus gorbuscha,JS,-,1,18-08-01,17:02,50 32.558 ,126 44.733,17:11,50,32.585,126,44.657,17:36,50,32.412,126,43.095,17:46,50 32.680,126 42.608,442,50,50,17:14,17:34,,3,almost 0 (very small),"Counted all, measured all (exept jellyfish )",,northern,50.543083333333335,-126.74428333333333,50.5402,-126.71825,25
1,Pacific Herring,1,Johnston Strait,2018-08-01T00:00:00Z,NA,1,0,NA,Y,1,Clupea pallasii,Animalia,Chordata,Actinopterygii,Clupeiformes,Clupeidae,Clupea,species,Clupea pallasii,JS,-,1,18-08-01,17:02,50 32.558 ,126 44.733,17:11,50,32.585,126,44.657,17:36,50,32.412,126,43.095,17:46,50 32.680,126 42.608,442,50,50,17:14,17:34,,3,almost 0 (very small),"Counted all, measured all (exept jellyfish )",,northern,50.543083333333335,-126.74428333333333,50.5402,-126.71825,25
2,Spiny Dogfish,1,Johnston Strait,2018-08-01T00:00:00Z,NA,1,1,tag in mouth,Y,1,Squalus suckleyi,Animalia,Chordata,Elasmobranchii,Squaliformes,Squalidae,Squalus,species,Squalus suckleyi,JS,-,2,18-08-02,0:14,50 29.629,126 29.957,0:22,50,29.627,126,30.214,0:57,50,29.883,126,32.521,1:11,50 30.088,126 33.240,382,120,120,0:28,0:52,,2.7-3.3,-,-,,northern,50.49378333333333,-126.50356666666667,50.49805,-126.54201666666667,35
2,Myctophid (Diaphus theta),1,Johnston Strait,2018-08-01T00:00:00Z,NA,1,NA,to ID,Y,NA,Diaphus theta,Animalia ,Chordata,Teleostei,Myctophiformes<ca>,Myctophidae<ca>,Diaphys,species,Diaphus theta,JS,-,2,18-08-02,0:14,50 29.629,126 29.957,0:22,50,29.627,126,30.214,0:57,50,29.883,126,32.521,1:11,50 30.088,126 33.240,382,120,120,0:28,0:52,,2.7-3.3,-,-,,northern,50.49378333333333,-126.50356666666667,50.49805,-126.54201666666667,35
2,Eulachon,1,Johnston Strait,2018-08-01T00:00:00Z,NA,5,5,confirm eulachon IDs,Y,10,Thaleichthys pacificus,Animalia,Chordata,Actinopterygii,Osmeriformes,Osmeridae,Thaleichthys,species,Thaleichthys pacificus,JS,-,2,18-08-02,0:14,50 29.629,126 29.957,0:22,50,29.627,126,30.214,0:57,50,29.883,126,32.521,1:11,50 30.088,126 33.240,382,120,120,0:28,0:52,,2.7-3.3,-,-,,northern,50.49378333333333,-126.50356666666667,50.49805,-126.54201666666667,35
2,Pacific Herring,1,Johnston Strait,2018-08-01T00:00:00Z,NA,3,1,NA,Y,3,Clupea pallasii,Animalia,Chordata,Actinopterygii,Clupeiformes,Clupeidae,Clupea,species,Clupea pallasii,JS,-,2,18-08-02,0:14,50 29.629,126 29.957,0:22,50,29.627,126,30.214,0:57,50,29.883,126,32.521,1:11,50 30.088,126 33.240,382,120,120,0:28,0:52,,2.7-3.3,-,-,,northern,50.49378333333333,-126.50356666666667,50.49805,-126.54201666666667,35
2,Myctophiid sp,NA,NA,NA,NA,NA,NA,NA,NA,1,Diaphus theta,Animalia ,Chordata,Teleostei,Myctophiformes ,Myctophidae ,Diaphys,species,Diaphus theta,JS,-,2,18-08-02,0:14,50 29.629,126 29.957,0:22,50,29.627,126,30.214,0:57,50,29.883,126,32.521,1:11,50 30.088,126 33.240,382,120,120,0:28,0:52,,2.7-3.3,-,-,,northern,50.49378333333333,-126.50356666666667,50.49805,-126.54201666666667,35
2,Widow Rockfish,1,Johnston Strait,2018-08-01T00:00:00Z,NA,1,1,tag in mouth,Y,1,Sebastes entomelas,Animalia,Chordata,Actinopterygii,Scorpaeniformes,Sebastidae,Sebastes,species,Sebastes entomelas,JS,-,2,18-08-02,0:14,50 29.629,126 29.957,0:22,50,29.627,126,30.214,0:57,50,29.883,126,32.521,1:11,50 30.088,126 33.240,382,120,120,0:28,0:52,,2.7-3.3,-,-,,northern,50.49378333333333,-126.50356666666667,50.49805,-126.54201666666667,35
2,Yellowtail Rockfish,1,Johnston Strait,2018-08-01T00:00:00Z,NA,9,5,tags in mouths of FA fish,Y,9,Sebastes flavidus,Animalia,Chordata,Actinopterygii,Scorpaeniformes,Sebastidae,Sebastes,species,Sebastes flavidus,JS,-,2,18-08-02,0:14,50 29.629,126 29.957,0:22,50,29.627,126,30.214,0:57,50,29.883,126,32.521,1:11,50 30.088,126 33.240,382,120,120,0:28,0:52,,2.7-3.3,-,-,,northern,50.49378333333333,-126.50356666666667,50.49805,-126.54201666666667,35
3,Osmeridae (Whitebait smelt),1,Johnston Strait,2018-08-02T00:00:00Z,NA,2,0,to ID,Y,NA,Allosmerus elongatus,Animalia,Chordata,Actinopterygii,Osmeriformes,Osmeridae,Allosmerus,species,Allosmerus elongatus,MI,M1,3,18-08-02,15:30,50 41.229,126 52.860,15:39,50,41.253,126,52.961,15:53,50,41.965,126,53.297,16:01,50 42.246,126 53.192,193,100-120,110,15:43,15:50,,3.7-3.9,2 baskets full,-,,northern,50.68755,-126.88268333333333,50.699416666666664,-126.88828333333333,14
3,Eulachon,1,Johnston Strait,2018-08-02T00:00:00Z,NA,7,0,NA,Y,6,Thaleichthys pacificus,Animalia,Chordata,Actinopterygii,Osmeriformes,Osmeridae,Thaleichthys,species,Thaleichthys pacificus,MI,M1,3,18-08-02,15:30,50 41.229,126 52.860,15:39,50,41.253,126,52.961,15:53,50,41.965,126,53.297,16:01,50 42.246,126 53.192,193,100-120,110,15:43,15:50,,3.7-3.9,2 baskets full,-,,northern,50.68755,-126.88268333333333,50.699416666666664,-126.88828333333333,14
3,Walleye Pollock,1,Johnston Strait,2018-08-02T00:00:00Z,NA,1,1,NA,Y,1,Gadus/chalcogrammus,Animalia,Chordata,Actinopterygii,Gadiformes,Gadidae ,Gadus,species,Gadus/chalcogrammus,MI,M1,3,18-08-02,15:30,50 41.229,126 52.860,15:39,50,41.253,126,52.961,15:53,50,41.965,126,53.297,16:01,50 42.246,126 53.192,193,100-120,110,15:43,15:50,,3.7-3.9,2 baskets full,-,,northern,50.68755,-126.88268333333333,50.699416666666664,-126.88828333333333,14
3,Spiny Dogfish,1,Johnston Strait,2018-08-02T00:00:00Z,NA,1,1,NA,Y,2,Squalus suckleyi,Animalia,Chordata,Elasmobranchii,Squaliformes,Squalidae,Squalus,species,Squalus suckleyi,MI,M1,3,18-08-02,15:30,50 41.229,126 52.860,15:39,50,41.253,126,52.961,15:53,50,41.965,126,53.297,16:01,50 42.246,126 53.192,193,100-120,110,15:43,15:50,,3.7-3.9,2 baskets full,-,,northern,50.68755,-126.88268333333333,50.699416666666664,-126.88828333333333,14
3,Pacific Herring,1,Johnston Strait,2018-08-02T00:00:00Z,NA,100,2,NA,?,102,Clupea pallasii,Animalia,Chordata,Actinopterygii,Clupeiformes,Clupeidae,Clupea,species,Clupea pallasii,MI,M1,3,18-08-02,15:30,50 41.229,126 52.860,15:39,50,41.253,126,52.961,15:53,50,41.965,126,53.297,16:01,50 42.246,126 53.192,193,100-120,110,15:43,15:50,,3.7-3.9,2 baskets full,-,,northern,50.68755,-126.88268333333333,50.699416666666664,-126.88828333333333,14
3,Night Smelt,NA,NA,NA,NA,NA,NA,NA,NA,1,Spirinchus starksi,Animalia,Chordata,Actinopterygii,Osmeriformes,Osmeridae,Spirinchus,species,Spirinchus starksi,MI,M1,3,18-08-02,15:30,50 41.229,126 52.860,15:39,50,41.253,126,52.961,15:53,50,41.965,126,53.297,16:01,50 42.246,126 53.192,193,100-120,110,15:43,15:50,,3.7-3.9,2 baskets full,-,,northern,50.68755,-126.88268333333333,50.699416666666664,-126.88828333333333,14
4,Eulachon,1,Johnston Strait,2018-08-02T00:00:00Z,NA,36,0,NA,Y,101,Thaleichthys pacificus,Animalia,Chordata,Actinopterygii,Osmeriformes,Osmeridae,Thaleichthys,species,Thaleichthys pacificus,MI,M2,4,18-08-02,17:23,50 41.023,126 56.259,17:33,50,40.967,126,56.403,18:04,50,41.741,126,58.626,18:10,50 41.748,126 58.931,165,130-140,135,17:40,18:00,,~3.2,4 baskets,-,,northern,50.68278333333333,-126.94005,50.695683333333335,-126.9771,31
4,Capelin,NA,NA,NA,NA,NA,NA,NA,NA,1,Mallotus villosus,Animalia,Chordata,Actinopterygii,Osmeriformes,Osmeridae,Mallotus,species,Mallotus villosus,MI,M2,4,18-08-02,17:23,50 41.023,126 56.259,17:33,50,40.967,126,56.403,18:04,50,41.741,126,58.626,18:10,50 41.748,126 58.931,165,130-140,135,17:40,18:00,,~3.2,4 baskets,-,,northern,50.68278333333333,-126.94005,50.695683333333335,-126.9771,31
4,Pacific Herring,NA,NA,NA,NA,NA,NA,NA,NA,9,Clupea pallasii,Animalia,Chordata,Actinopterygii,Clupeiformes,Clupeidae,Clupea,species,Clupea pallasii,MI,M2,4,18-08-02,17:23,50 41.023,126 56.259,17:33,50,40.967,126,56.403,18:04,50,41.741,126,58.626,18:10,50 41.748,126 58.931,165,130-140,135,17:40,18:00,,~3.2,4 baskets,-,,northern,50.68278333333333,-126.94005,50.695683333333335,-126.9771,31
4,Pacific Pacific Hake,NA,NA,NA,NA,NA,NA,NA,NA,1,Merluccius productus,Animalia,Chordata,Actinopterygii,Gadiformes,Merlucciidae,Merluccius,species,Merluccius productus,MI,M2,4,18-08-02,17:23,50 41.023,126 56.259,17:33,50,40.967,126,56.403,18:04,50,41.741,126,58.626,18:10,50 41.748,126 58.931,165,130-140,135,17:40,18:00,,~3.2,4 baskets,-,,northern,50.68278333333333,-126.94005,50.695683333333335,-126.9771,31
4,Spiny Dogfish,1,Johnston Strait,2018-08-02T00:00:00Z,NA,5,2,NA,Y,11,Squalus suckleyi,Animalia,Chordata,Elasmobranchii,Squaliformes,Squalidae,Squalus,species,Squalus suckleyi,MI,M2,4,18-08-02,17:23,50 41.023,126 56.259,17:33,50,40.967,126,56.403,18:04,50,41.741,126,58.626,18:10,50 41.748,126 58.931,165,130-140,135,17:40,18:00,,~3.2,4 baskets,-,,northern,50.68278333333333,-126.94005,50.695683333333335,-126.9771,31
4,Coho Salmon,1,Johnston Strait,2018-08-02T00:00:00Z,NA,1,1,NA,Y,1,Oncorhynchus kisutch,Animalia,Chordata,Actinopterygii,Salmoniformes,Salmonidae,Oncorhynchus,species,Oncorhynchus kisutch,MI,M2,4,18-08-02,17:23,50 41.023,126 56.259,17:33,50,40.967,126,56.403,18:04,50,41.741,126,58.626,18:10,50 41.748,126 58.931,165,130-140,135,17:40,18:00,,~3.2,4 baskets,-,,northern,50.68278333333333,-126.94005,50.695683333333335,-126.9771,31
4,Walleye Pollock,1,Johnston Strait,2018-08-02T00:00:00Z,NA,11,4,NA,Y,100,Gadus/chalcogrammus,Animalia,Chordata,Actinopterygii,Gadiformes,Gadidae ,Gadus,species,Gadus/chalcogrammus,MI,M2,4,18-08-02,17:23,50 41.023,126 56.259,17:33,50,40.967,126,56.403,18:04,50,41.741,126,58.626,18:10,50 41.748,126 58.931,165,130-140,135,17:40,18:00,,~3.2,4 baskets,-,,northern,50.68278333333333,-126.94005,50.695683333333335,-126.9771,31
4,Pacific Hake (Whiting),1,Johnston Strait,2018-08-02T00:00:00Z,NA,1,1,NA,Y,NA,Merluccius productus,Animalia,Chordata,Actinopterygii,Gadiformes,Merlucciidae,Merluccius,species,Merluccius productus,MI,M2,4,18-08-02,17:23,50 41.023,126 56.259,17:33,50,40.967,126,56.403,18:04,50,41.741,126,58.626,18:10,50 41.748,126 58.931,165,130-140,135,17:40,18:00,,~3.2,4 baskets,-,,northern,50.68278333333333,-126.94005,50.695683333333335,-126.9771,31
5,Pacific Herring,NA,NA,NA,NA,NA,NA,NA,NA,3,Clupea pallasii,Animalia,Chordata,Actinopterygii,Clupeiformes,Clupeidae,Clupea,species,Clupea pallasii,JS,-,5,18-08-03,16:07,50 32.130,126 40.264,16:16,50,32.202,126,40.396,16:48,50,31.462,126,38.241,17:05,50 30.993,126 37.756,408,100,100,16:22,16:43,,3,almost 0,-,,northern,50.5367,-126.67326666666666,50.524366666666666,-126.63735,32
5,Yellowtail Rockfish,1,Johnston Strait,2018-08-03T00:00:00Z,NA,1,0,NA,Y,1,Sebastes flavidus,Animalia,Chordata,Actinopterygii,Scorpaeniformes,Sebastidae,Sebastes,species,Sebastes flavidus,JS,-,5,18-08-03,16:07,50 32.130,126 40.264,16:16,50,32.202,126,40.396,16:48,50,31.462,126,38.241,17:05,50 30.993,126 37.756,408,100,100,16:22,16:43,,3,almost 0,-,,northern,50.5367,-126.67326666666666,50.524366666666666,-126.63735,32
5,Eulachon,NA,NA,NA,NA,NA,NA,NA,NA,2,Thaleichthys pacificus,Animalia,Chordata,Actinopterygii,Osmeriformes,Osmeridae,Thaleichthys,species,Thaleichthys pacificus,JS,-,5,18-08-03,16:07,50 32.130,126 40.264,16:16,50,32.202,126,40.396,16:48,50,31.462,126,38.241,17:05,50 30.993,126 37.756,408,100,100,16:22,16:43,,3,almost 0,-,,northern,50.5367,-126.67326666666666,50.524366666666666,-126.63735,32
7,Spiny Dogfish,NA,NA,NA,NA,NA,NA,NA,NA,5,Squalus suckleyi,Animalia,Chordata,Elasmobranchii,Squaliformes,Squalidae,Squalus,species,Squalus suckleyi,JS,J24,7,18-08-04,21:45,50 29.342,126 15.979,21:55,50,29.25,126,16.147,22:30,50,29.23,126,19.043,22:37,50 29.177,126 19.534,371,160,160,22:03,22:23,,~3.5,-,-,,northern,50.4875,-126.26911666666666,50.48716666666667,-126.31738333333334,35
7,Sablefish,1,Johnston Strait,2018-08-04T00:00:00Z,NA,1,1,NA,Y,1,Anoplopoma fimbria,Animalia,Chordata,Actinopterygii,Scorpaeniformes,Anoplopomatidae,Anoplopoma,species,Anoplopoma fimbria,JS,J24,7,18-08-04,21:45,50 29.342,126 15.979,21:55,50,29.25,126,16.147,22:30,50,29.23,126,19.043,22:37,50 29.177,126 19.534,371,160,160,22:03,22:23,,~3.5,-,-,,northern,50.4875,-126.26911666666666,50.48716666666667,-126.31738333333334,35
7,Walleye Pollock,NA,NA,NA,NA,NA,NA,NA,NA,7,Gadus/chalcogrammus,Animalia,Chordata,Actinopterygii,Gadiformes,Gadidae ,Gadus,species,Gadus/chalcogrammus,JS,J24,7,18-08-04,21:45,50 29.342,126 15.979,21:55,50,29.25,126,16.147,22:30,50,29.23,126,19.043,22:37,50 29.177,126 19.534,371,160,160,22:03,22:23,,~3.5,-,-,,northern,50.4875,-126.26911666666666,50.48716666666667,-126.31738333333334,35
7,Eulachon,NA,NA,NA,NA,NA,NA,NA,NA,101,Thaleichthys pacificus,Animalia,Chordata,Actinopterygii,Osmeriformes,Osmeridae,Thaleichthys,species,Thaleichthys pacificus,JS,J24,7,18-08-04,21:45,50 29.342,126 15.979,21:55,50,29.25,126,16.147,22:30,50,29.23,126,19.043,22:37,50 29.177,126 19.534,371,160,160,22:03,22:23,,~3.5,-,-,,northern,50.4875,-126.26911666666666,50.48716666666667,-126.31738333333334,35
7,Corphaenidoes sp,NA,NA,NA,NA,NA,NA,NA,NA,1,NA,Animalia ,Chordata,Teleostei,Gadiformes,Macrouridae,Coryphaenoides,genus,Corphaenidoes sp,JS,J24,7,18-08-04,21:45,50 29.342,126 15.979,21:55,50,29.25,126,16.147,22:30,50,29.23,126,19.043,22:37,50 29.177,126 19.534,371,160,160,22:03,22:23,,~3.5,-,-,,northern,50.4875,-126.26911666666666,50.48716666666667,-126.31738333333334,35
7,Coho Salmon,1,Johnston Strait,2018-08-04T00:00:00Z,NA,1,1,NA,Y,1,Oncorhynchus kisutch,Animalia,Chordata,Actinopterygii,Salmoniformes,Salmonidae,Oncorhynchus,species,Oncorhynchus kisutch,JS,J24,7,18-08-04,21:45,50 29.342,126 15.979,21:55,50,29.25,126,16.147,22:30,50,29.23,126,19.043,22:37,50 29.177,126 19.534,371,160,160,22:03,22:23,,~3.5,-,-,,northern,50.4875,-126.26911666666666,50.48716666666667,-126.31738333333334,35
8,Eulachon,2,Juan de Fuca Strait,2018-08-08T00:00:00Z,NA,10,5,samples taken for isotopes and FA from different individuals,Y,42,Thaleichthys pacificus,Animalia,Chordata,Actinopterygii,Osmeriformes,Osmeridae,Thaleichthys,species,Thaleichthys pacificus,JF,F4,8,18-08-08,16:25,48 17.344,123 45.230,16:37,48,17.535,123,45.101,16:55,48,17.236,123,43.965,16:59,48 17.206,123 43.833,174,60,60,16:41,16:55,120 fm,3.2-5.4,big catch (3000 lbs),3 baskets subsampled,Ben added CTD onto trawl net.,southern,48.29225,-123.75168333333333,48.28726666666667,-123.73275,18
8,Chinook Salmon,2,Juan de Fuca Strait,2018-08-08T00:00:00Z,NA,2,2,scales taken on left side behind dorsal fin (took where could find any scales),Y,2,Oncorhynchus tshawytscha,Animalia,Chordata,Actinopterygii,Salmoniformes,Salmonidae,Oncorhynchus,species,Oncorhynchus tshawytscha,JF,F4,8,18-08-08,16:25,48 17.344,123 45.230,16:37,48,17.535,123,45.101,16:55,48,17.236,123,43.965,16:59,48 17.206,123 43.833,174,60,60,16:41,16:55,120 fm,3.2-5.4,big catch (3000 lbs),3 baskets subsampled,Ben added CTD onto trawl net.,southern,48.29225,-123.75168333333333,48.28726666666667,-123.73275,18
8,Sockeye Salmon,NA,NA,NA,NA,NA,NA,NA,NA,1,Oncorhynchus nerka,Animalia,Chordata,Actinopterygii,Salmoniformes,Salmonidae,Oncorhynchus,species,Oncorhynchus nerka,JF,F4,8,18-08-08,16:25,48 17.344,123 45.230,16:37,48,17.535,123,45.101,16:55,48,17.236,123,43.965,16:59,48 17.206,123 43.833,174,60,60,16:41,16:55,120 fm,3.2-5.4,big catch (3000 lbs),3 baskets subsampled,Ben added CTD onto trawl net.,southern,48.29225,-123.75168333333333,48.28726666666667,-123.73275,18
8,Pacific Herring,2,Juan de Fuca Strait,2018-08-08T00:00:00Z,NA,10,5,samples taken for isotopes and FA from different individuals,? (we have 2),100,Clupea pallasii,Animalia,Chordata,Actinopterygii,Clupeiformes,Clupeidae,Clupea,species,Clupea pallasii,JF,F4,8,18-08-08,16:25,48 17.344,123 45.230,16:37,48,17.535,123,45.101,16:55,48,17.236,123,43.965,16:59,48 17.206,123 43.833,174,60,60,16:41,16:55,120 fm,3.2-5.4,big catch (3000 lbs),3 baskets subsampled,Ben added CTD onto trawl net.,southern,48.29225,-123.75168333333333,48.28726666666667,-123.73275,18
8,Walleye Pollock,2,Juan de Fuca Strait,2018-08-08T00:00:00Z,NA,10,5,samples taken for isotopes and FA from different individuals,Y,103,Gadus/chalcogrammus,Animalia,Chordata,Actinopterygii,Gadiformes,Gadidae ,Gadus,species,Gadus/chalcogrammus,JF,F4,8,18-08-08,16:25,48 17.344,123 45.230,16:37,48,17.535,123,45.101,16:55,48,17.236,123,43.965,16:59,48 17.206,123 43.833,174,60,60,16:41,16:55,120 fm,3.2-5.4,big catch (3000 lbs),3 baskets subsampled,Ben added CTD onto trawl net.,southern,48.29225,-123.75168333333333,48.28726666666667,-123.73275,18
8,Walleye Pollock,2,Juan de Fuca Strait,2018-08-08T00:00:00Z,juvenile,1,0,NA,Y,NA,Gadus/chalcogrammus,Animalia,Chordata,Actinopterygii,Gadiformes,Gadidae ,Gadus,species,Gadus/chalcogrammus,JF,F4,8,18-08-08,16:25,48 17.344,123 45.230,16:37,48,17.535,123,45.101,16:55,48,17.236,123,43.965,16:59,48 17.206,123 43.833,174,60,60,16:41,16:55,120 fm,3.2-5.4,big catch (3000 lbs),3 baskets subsampled,Ben added CTD onto trawl net.,southern,48.29225,-123.75168333333333,48.28726666666667,-123.73275,18
9,Spiny Dogfish,2,Juan de Fuca Strait,2018-08-08T00:00:00Z,small,10,5,NA,Y,NA,Squalus suckleyi,Animalia,Chordata,Elasmobranchii,Squaliformes,Squalidae,Squalus,species,Squalus suckleyi,JF,F7,9,18-08-08,21:56,48 18.950,123 45.401,22:04,48,18.961,123,45.271,22:34,48,19.449,123,46.886,22:41,48 19.389,123 47.266,172,140-120,130,22:10,22:30,210 fm,~2.4,-,-,,southern,48.31601666666667,-123.75451666666666,48.32415,-123.78143333333334,30
9,Pacific Pacific Hake,NA,NA,NA,NA,NA,NA,NA,NA,26,Merluccius productus,Animalia,Chordata,Actinopterygii,Gadiformes,Merlucciidae,Merluccius,species,Merluccius productus,JF,F7,9,18-08-08,21:56,48 18.950,123 45.401,22:04,48,18.961,123,45.271,22:34,48,19.449,123,46.886,22:41,48 19.389,123 47.266,172,140-120,130,22:10,22:30,210 fm,~2.4,-,-,,southern,48.31601666666667,-123.75451666666666,48.32415,-123.78143333333334,30
9,Pacific Hake,2,Juan de Fuca Strait,2018-08-08T00:00:00Z,NA,10,5,NA,Y,NA,Merluccius productus,Animalia,Chordata,Actinopterygii,Gadiformes,Merlucciidae,Merluccius,species,Merluccius productus,JF,F7,9,18-08-08,21:56,48 18.950,123 45.401,22:04,48,18.961,123,45.271,22:34,48,19.449,123,46.886,22:41,48 19.389,123 47.266,172,140-120,130,22:10,22:30,210 fm,~2.4,-,-,,southern,48.31601666666667,-123.75451666666666,48.32415,-123.78143333333334,30
9,Myctophiid sp,NA,NA,NA,NA,NA,NA,NA,NA,7,Diaphus theta,Animalia ,Chordata,Teleostei,Myctophiformes ,Myctophidae ,Diaphys,species,Diaphus theta,JF,F7,9,18-08-08,21:56,48 18.950,123 45.401,22:04,48,18.961,123,45.271,22:34,48,19.449,123,46.886,22:41,48 19.389,123 47.266,172,140-120,130,22:10,22:30,210 fm,~2.4,-,-,,southern,48.31601666666667,-123.75451666666666,48.32415,-123.78143333333334,30
9,Walleye Pollock,NA,NA,NA,NA,NA,NA,NA,NA,99,Gadus/chalcogrammus,Animalia,Chordata,Actinopterygii,Gadiformes,Gadidae ,Gadus,species,Gadus/chalcogrammus,JF,F7,9,18-08-08,21:56,48 18.950,123 45.401,22:04,48,18.961,123,45.271,22:34,48,19.449,123,46.886,22:41,48 19.389,123 47.266,172,140-120,130,22:10,22:30,210 fm,~2.4,-,-,,southern,48.31601666666667,-123.75451666666666,48.32415,-123.78143333333334,30
9,Myctophid (Diaphus theta),2,Juan de Fuca Strait,2018-08-08T00:00:00Z,NA,all,0,NA,Y,NA,Diaphus theta,Animalia ,Chordata,Teleostei,Myctophiformes<ca>,Myctophidae<ca>,Diaphys,species,Diaphus theta,JF,F7,9,18-08-08,21:56,48 18.950,123 45.401,22:04,48,18.961,123,45.271,22:34,48,19.449,123,46.886,22:41,48 19.389,123 47.266,172,140-120,130,22:10,22:30,210 fm,~2.4,-,-,,southern,48.31601666666667,-123.75451666666666,48.32415,-123.78143333333334,30
9,Pacific Herring,2,Juan de Fuca Strait,2018-08-08T00:00:00Z,NA,15,5,NA,Y,100,Clupea pallasii,Animalia,Chordata,Actinopterygii,Clupeiformes,Clupeidae,Clupea,species,Clupea pallasii,JF,F7,9,18-08-08,21:56,48 18.950,123 45.401,22:04,48,18.961,123,45.271,22:34,48,19.449,123,46.886,22:41,48 19.389,123 47.266,172,140-120,130,22:10,22:30,210 fm,~2.4,-,-,,southern,48.31601666666667,-123.75451666666666,48.32415,-123.78143333333334,30
9,Walleye Pollock,2,Juan de Fuca Strait,2018-08-08T00:00:00Z,large,5,5,NA,Y,NA,Gadus/chalcogrammus,Animalia,Chordata,Actinopterygii,Gadiformes,Gadidae ,Gadus,species,Gadus/chalcogrammus,JF,F7,9,18-08-08,21:56,48 18.950,123 45.401,22:04,48,18.961,123,45.271,22:34,48,19.449,123,46.886,22:41,48 19.389,123 47.266,172,140-120,130,22:10,22:30,210 fm,~2.4,-,-,,southern,48.31601666666667,-123.75451666666666,48.32415,-123.78143333333334,30
9,Spiny Dogfish,NA,NA,NA,NA,NA,NA,NA,NA,22,Squalus suckleyi,Animalia,Chordata,Elasmobranchii,Squaliformes,Squalidae,Squalus,species,Squalus suckleyi,JF,F7,9,18-08-08,21:56,48 18.950,123 45.401,22:04,48,18.961,123,45.271,22:34,48,19.449,123,46.886,22:41,48 19.389,123 47.266,172,140-120,130,22:10,22:30,210 fm,~2.4,-,-,,southern,48.31601666666667,-123.75451666666666,48.32415,-123.78143333333334,30
9,English Sole,2,Juan de Fuca Strait,2018-08-08T00:00:00Z,NA,1,1,NA,Y,1,Parophrys vetulus,Animalia,Chordata,Actinopterygii,Pleuronectiformes,Pleuronectidae,Parophrys,species,Parophrys vetulus,JF,F7,9,18-08-08,21:56,48 18.950,123 45.401,22:04,48,18.961,123,45.271,22:34,48,19.449,123,46.886,22:41,48 19.389,123 47.266,172,140-120,130,22:10,22:30,210 fm,~2.4,-,-,,southern,48.31601666666667,-123.75451666666666,48.32415,-123.78143333333334,30
9,Chinook Salmon,2,Juan de Fuca Strait,2018-08-08T00:00:00Z,NA,1,1,scales taken on lateral line on right side behind dorsal fin (took where could find any scales),Y,1,Oncorhynchus tshawytscha,Animalia,Chordata,Actinopterygii,Salmoniformes,Salmonidae,Oncorhynchus,species,Oncorhynchus tshawytscha,JF,F7,9,18-08-08,21:56,48 18.950,123 45.401,22:04,48,18.961,123,45.271,22:34,48,19.449,123,46.886,22:41,48 19.389,123 47.266,172,140-120,130,22:10,22:30,210 fm,~2.4,-,-,,southern,48.31601666666667,-123.75451666666666,48.32415,-123.78143333333334,30
9,Spiny Dogfish,2,Juan de Fuca Strait,2018-08-08T00:00:00Z,large,4,4,NA,Y,NA,Squalus suckleyi,Animalia,Chordata,Elasmobranchii,Squaliformes,Squalidae,Squalus,species,Squalus suckleyi,JF,F7,9,18-08-08,21:56,48 18.950,123 45.401,22:04,48,18.961,123,45.271,22:34,48,19.449,123,46.886,22:41,48 19.389,123 47.266,172,140-120,130,22:10,22:30,210 fm,~2.4,-,-,,southern,48.31601666666667,-123.75451666666666,48.32415,-123.78143333333334,30
9,Greenland Halibut,2,Juan de Fuca Strait,2018-08-08T00:00:00Z,NA,4,4,NA,Y,4,Reinhardtius hippoglossoides,Animalia,Chordata,Actinopterygii,Pleuronectiformes,Scophthalmidae,Scophthalmus,species,Reinhardtius hippoglossoides,JF,F7,9,18-08-08,21:56,48 18.950,123 45.401,22:04,48,18.961,123,45.271,22:34,48,19.449,123,46.886,22:41,48 19.389,123 47.266,172,140-120,130,22:10,22:30,210 fm,~2.4,-,-,,southern,48.31601666666667,-123.75451666666666,48.32415,-123.78143333333334,30
9,Walleye Pollock,2,Juan de Fuca Strait,2018-08-08T00:00:00Z,small,5,5,samples taken for isotopes and FA from different individuals,Y,NA,Gadus/chalcogrammus,Animalia,Chordata,Actinopterygii,Gadiformes,Gadidae ,Gadus,species,Gadus/chalcogrammus,JF,F7,9,18-08-08,21:56,48 18.950,123 45.401,22:04,48,18.961,123,45.271,22:34,48,19.449,123,46.886,22:41,48 19.389,123 47.266,172,140-120,130,22:10,22:30,210 fm,~2.4,-,-,,southern,48.31601666666667,-123.75451666666666,48.32415,-123.78143333333334,30
9,Eulachon,2,Juan de Fuca Strait,2018-08-08T00:00:00Z,NA,10,5,samples taken for isotopes and FA from different individuals,Y,100,Thaleichthys pacificus,Animalia,Chordata,Actinopterygii,Osmeriformes,Osmeridae,Thaleichthys,species,Thaleichthys pacificus,JF,F7,9,18-08-08,21:56,48 18.950,123 45.401,22:04,48,18.961,123,45.271,22:34,48,19.449,123,46.886,22:41,48 19.389,123 47.266,172,140-120,130,22:10,22:30,210 fm,~2.4,-,-,,southern,48.31601666666667,-123.75451666666666,48.32415,-123.78143333333334,30
10,Lamprey,NA,NA,NA,NA,NA,NA,NA,NA,2,Entosphenus tridentatus,Animalia,Chordata,Cephalaspidomorphi,Petromyzontiformes,Petromyzontidae,Entosphenus,species,Entosphenus tridentatus,JF,F29,10,18-08-10,16:35,48 31.212,124 34.479,16:46,48,31.277,124,34.658,17:15,48,31.578,124,37.501,17:21,48 31.661,124 37.805,150,80,80,16:50,17:12,94-123 fm,3.2-4.9,big catch,go through all samples for 20,Camera installed.,southern,48.521283333333336,-124.57763333333334,48.5263,-124.62501666666667,29
10,Eulachon,2,Juan de Fuca Strait,2018-08-10T00:00:00Z,NA,2,2,NA,Y,2,Thaleichthys pacificus,Animalia,Chordata,Actinopterygii,Osmeriformes,Osmeridae,Thaleichthys,species,Thaleichthys pacificus,JF,F29,10,18-08-10,16:35,48 31.212,124 34.479,16:46,48,31.277,124,34.658,17:15,48,31.578,124,37.501,17:21,48 31.661,124 37.805,150,80,80,16:50,17:12,94-123 fm,3.2-4.9,big catch,go through all samples for 20,Camera installed.,southern,48.521283333333336,-124.57763333333334,48.5263,-124.62501666666667,29
10,Pacific Herring,NA,NA,NA,NA,NA,NA,NA,NA,19,Clupea pallasii,Animalia,Chordata,Actinopterygii,Clupeiformes,Clupeidae,Clupea,species,Clupea pallasii,JF,F29,10,18-08-10,16:35,48 31.212,124 34.479,16:46,48,31.277,124,34.658,17:15,48,31.578,124,37.501,17:21,48 31.661,124 37.805,150,80,80,16:50,17:12,94-123 fm,3.2-4.9,big catch,go through all samples for 20,Camera installed.,southern,48.521283333333336,-124.57763333333334,48.5263,-124.62501666666667,29
10,Walleye Pollock,NA,NA,NA,NA,NA,NA,NA,NA,101,Gadus/chalcogrammus,Animalia,Chordata,Actinopterygii,Gadiformes,Gadidae ,Gadus,species,Gadus/chalcogrammus,JF,F29,10,18-08-10,16:35,48 31.212,124 34.479,16:46,48,31.277,124,34.658,17:15,48,31.578,124,37.501,17:21,48 31.661,124 37.805,150,80,80,16:50,17:12,94-123 fm,3.2-4.9,big catch,go through all samples for 20,Camera installed.,southern,48.521283333333336,-124.57763333333334,48.5263,-124.62501666666667,29
10,Spiny Dogfish,NA,NA,NA,NA,NA,NA,NA,NA,8,Squalus suckleyi,Animalia,Chordata,Elasmobranchii,Squaliformes,Squalidae,Squalus,species,Squalus suckleyi,JF,F29,10,18-08-10,16:35,48 31.212,124 34.479,16:46,48,31.277,124,34.658,17:15,48,31.578,124,37.501,17:21,48 31.661,124 37.805,150,80,80,16:50,17:12,94-123 fm,3.2-4.9,big catch,go through all samples for 20,Camera installed.,southern,48.521283333333336,-124.57763333333334,48.5263,-124.62501666666667,29
10,Pacific Herring,2,Juan de Fuca Strait,2018-08-10T00:00:00Z,large,5,5,NA,Y,NA,Clupea pallasii,Animalia,Chordata,Actinopterygii,Clupeiformes,Clupeidae,Clupea,species,Clupea pallasii,JF,F29,10,18-08-10,16:35,48 31.212,124 34.479,16:46,48,31.277,124,34.658,17:15,48,31.578,124,37.501,17:21,48 31.661,124 37.805,150,80,80,16:50,17:12,94-123 fm,3.2-4.9,big catch,go through all samples for 20,Camera installed.,southern,48.521283333333336,-124.57763333333334,48.5263,-124.62501666666667,29
10,Chinook Salmon,2,Juan de Fuca Strait,2018-08-10T00:00:00Z,NA,14,14,"scales from individuals #27 and #28 taken from right side above lateral line; scales taken from regular spot for rest of them (on right side, 2-3 lines below lateral line, behind dorsal fin)",Y (we have 10),14,Oncorhynchus tshawytscha,Animalia,Chordata,Actinopterygii,Salmoniformes,Salmonidae,Oncorhynchus,species,Oncorhynchus tshawytscha,JF,F29,10,18-08-10,16:35,48 31.212,124 34.479,16:46,48,31.277,124,34.658,17:15,48,31.578,124,37.501,17:21,48 31.661,124 37.805,150,80,80,16:50,17:12,94-123 fm,3.2-4.9,big catch,go through all samples for 20,Camera installed.,southern,48.521283333333336,-124.57763333333334,48.5263,-124.62501666666667,29
10,Spiny Dogfish,2,Juan de Fuca Strait,2018-08-10T00:00:00Z,large,4,4,NA,Y,NA,Squalus suckleyi,Animalia,Chordata,Elasmobranchii,Squaliformes,Squalidae,Squalus,species,Squalus suckleyi,JF,F29,10,18-08-10,16:35,48 31.212,124 34.479,16:46,48,31.277,124,34.658,17:15,48,31.578,124,37.501,17:21,48 31.661,124 37.805,150,80,80,16:50,17:12,94-123 fm,3.2-4.9,big catch,go through all samples for 20,Camera installed.,southern,48.521283333333336,-124.57763333333334,48.5263,-124.62501666666667,29
10,Pacific Lamprey,2,Juan de Fuca Strait,2018-08-10T00:00:00Z,NA,2,2,NA,Y,NA,Entosphenus tridentatus,Animalia,Chordata,Cephalaspidomorphi,Petromyzontiformes,Petromyzontidae,Entosphenus,species,Entosphenus tridentatus,JF,F29,10,18-08-10,16:35,48 31.212,124 34.479,16:46,48,31.277,124,34.658,17:15,48,31.578,124,37.501,17:21,48 31.661,124 37.805,150,80,80,16:50,17:12,94-123 fm,3.2-4.9,big catch,go through all samples for 20,Camera installed.,southern,48.521283333333336,-124.57763333333334,48.5263,-124.62501666666667,29
10,Pacific Herring,2,Juan de Fuca Strait,2018-08-10T00:00:00Z,small,5,0,NA,Y,NA,Clupea pallasii,Animalia,Chordata,Actinopterygii,Clupeiformes,Clupeidae,Clupea,species,Clupea pallasii,JF,F29,10,18-08-10,16:35,48 31.212,124 34.479,16:46,48,31.277,124,34.658,17:15,48,31.578,124,37.501,17:21,48 31.661,124 37.805,150,80,80,16:50,17:12,94-123 fm,3.2-4.9,big catch,go through all samples for 20,Camera installed.,southern,48.521283333333336,-124.57763333333334,48.5263,-124.62501666666667,29
10,Pacific Pacific Hake,NA,NA,NA,NA,NA,NA,NA,NA,98,Merluccius productus,Animalia,Chordata,Actinopterygii,Gadiformes,Merlucciidae,Merluccius,species,Merluccius productus,JF,F29,10,18-08-10,16:35,48 31.212,124 34.479,16:46,48,31.277,124,34.658,17:15,48,31.578,124,37.501,17:21,48 31.661,124 37.805,150,80,80,16:50,17:12,94-123 fm,3.2-4.9,big catch,go through all samples for 20,Camera installed.,southern,48.521283333333336,-124.57763333333334,48.5263,-124.62501666666667,29
11,Myctophiid sp,NA,NA,NA,NA,NA,NA,NA,NA,10,Diaphus theta,Animalia ,Chordata,Teleostei,Myctophiformes ,Myctophidae ,Diaphys,species,Diaphus theta,JF,F27,11,18-08-10,20:20,48 28.477,124 30.917,20:29,48,28.341,124,30.823,21:04,48,28.994,124,32.067,21:09,48 28.807,124 32.219,213,200,200,20:36,20:57,275-330 fm,~2.3,1 basket,-,,southern,48.47235,-124.51371666666667,48.48323333333333,-124.53445,35
11,Pacific Hake,2,Juan de Fuca Strait,2018-08-10T00:00:00Z,large,1,1,NA,Y,NA,Merluccius productus,Animalia,Chordata,Actinopterygii,Gadiformes,Merlucciidae,Merluccius,species,Merluccius productus,JF,F27,11,18-08-10,20:20,48 28.477,124 30.917,20:29,48,28.341,124,30.823,21:04,48,28.994,124,32.067,21:09,48 28.807,124 32.219,213,200,200,20:36,20:57,275-330 fm,~2.3,1 basket,-,,southern,48.47235,-124.51371666666667,48.48323333333333,-124.53445,35
11,Pacific Pacific Hake,NA,NA,NA,NA,NA,NA,NA,NA,19,Merluccius productus,Animalia,Chordata,Actinopterygii,Gadiformes,Merlucciidae,Merluccius,species,Merluccius productus,JF,F27,11,18-08-10,20:20,48 28.477,124 30.917,20:29,48,28.341,124,30.823,21:04,48,28.994,124,32.067,21:09,48 28.807,124 32.219,213,200,200,20:36,20:57,275-330 fm,~2.3,1 basket,-,,southern,48.47235,-124.51371666666667,48.48323333333333,-124.53445,35
11,Walleye Pollock,2,Juan de Fuca Strait,2018-08-10T00:00:00Z,large,1,1,NA,Y,NA,Gadus/chalcogrammus,Animalia,Chordata,Actinopterygii,Gadiformes,Gadidae ,Gadus,species,Gadus/chalcogrammus,JF,F27,11,18-08-10,20:20,48 28.477,124 30.917,20:29,48,28.341,124,30.823,21:04,48,28.994,124,32.067,21:09,48 28.807,124 32.219,213,200,200,20:36,20:57,275-330 fm,~2.3,1 basket,-,,southern,48.47235,-124.51371666666667,48.48323333333333,-124.53445,35
11,Walleye Pollock,NA,NA,NA,NA,NA,NA,NA,NA,1,Gadus/chalcogrammus,Animalia,Chordata,Actinopterygii,Gadiformes,Gadidae ,Gadus,species,Gadus/chalcogrammus,JF,F27,11,18-08-10,20:20,48 28.477,124 30.917,20:29,48,28.341,124,30.823,21:04,48,28.994,124,32.067,21:09,48 28.807,124 32.219,213,200,200,20:36,20:57,275-330 fm,~2.3,1 basket,-,,southern,48.47235,-124.51371666666667,48.48323333333333,-124.53445,35
11,Spiny Dogfish,NA,NA,NA,NA,NA,NA,NA,NA,12,Squalus suckleyi,Animalia,Chordata,Elasmobranchii,Squaliformes,Squalidae,Squalus,species,Squalus suckleyi,JF,F27,11,18-08-10,20:20,48 28.477,124 30.917,20:29,48,28.341,124,30.823,21:04,48,28.994,124,32.067,21:09,48 28.807,124 32.219,213,200,200,20:36,20:57,275-330 fm,~2.3,1 basket,-,,southern,48.47235,-124.51371666666667,48.48323333333333,-124.53445,35
12,Coho Salmon,NA,NA,NA,juvenile,NA,NA,NA,NA,6,Oncorhynchus kisutch,Animalia,Chordata,Actinopterygii,Salmoniformes,Salmonidae,Oncorhynchus,species,Oncorhynchus kisutch,JF,F21,12,18-08-11,19:10,48 26.358,124 17.188,19:19,48,26.396,124,17.286,19:46,48,27.058,124,19.415,19:53,48 26.991,124 19.777,115,25,25,19:22,19:41,50-129 fm,3.1-4.5,~10 baskets,-,,southern,48.439933333333336,-124.2881,48.450966666666666,-124.32358333333333,27
12,Whitebait Smelt,2,Juan de Fuca Strait,2018-08-11T00:00:00Z,NA,2,1,samples taken for isotopes and FA from different individuals (because too small),Y,NA,Allosmerus elongatus,Animalia,Chordata,Actinopterygii,Osmeriformes,Osmeridae,Allosmerus,species,Allosmerus elongatus,JF,F21,12,18-08-11,19:10,48 26.358,124 17.188,19:19,48,26.396,124,17.286,19:46,48,27.058,124,19.415,19:53,48 26.991,124 19.777,115,25,25,19:22,19:41,50-129 fm,3.1-4.5,~10 baskets,-,,southern,48.439933333333336,-124.2881,48.450966666666666,-124.32358333333333,27
12,Pink Salmon,2,Juan de Fuca Strait,2018-08-11T00:00:00Z,juvenile,10,5,NA,Y,NA,Oncorhynchus gorbuscha,Animalia,Chordata,Actinopterygii,Salmoniformes,Salmonidae,Oncorhynchus,species,Oncorhynchus gorbuscha,JF,F21,12,18-08-11,19:10,48 26.358,124 17.188,19:19,48,26.396,124,17.286,19:46,48,27.058,124,19.415,19:53,48 26.991,124 19.777,115,25,25,19:22,19:41,50-129 fm,3.1-4.5,~10 baskets,-,,southern,48.439933333333336,-124.2881,48.450966666666666,-124.32358333333333,27
12,Walleye Pollock,2,Juan de Fuca Strait,2018-08-11T00:00:00Z,juvenile,10,5,samples taken for isotopes and FA from different individuals (because too small),Y,NA,Gadus/chalcogrammus,Animalia,Chordata,Actinopterygii,Gadiformes,Gadidae ,Gadus,species,Gadus/chalcogrammus,JF,F21,12,18-08-11,19:10,48 26.358,124 17.188,19:19,48,26.396,124,17.286,19:46,48,27.058,124,19.415,19:53,48 26.991,124 19.777,115,25,25,19:22,19:41,50-129 fm,3.1-4.5,~10 baskets,-,,southern,48.439933333333336,-124.2881,48.450966666666666,-124.32358333333333,27
12,Eulachon,NA,NA,NA,NA,NA,NA,NA,NA,69,Thaleichthys pacificus,Animalia,Chordata,Actinopterygii,Osmeriformes,Osmeridae,Thaleichthys,species,Thaleichthys pacificus,JF,F21,12,18-08-11,19:10,48 26.358,124 17.188,19:19,48,26.396,124,17.286,19:46,48,27.058,124,19.415,19:53,48 26.991,124 19.777,115,25,25,19:22,19:41,50-129 fm,3.1-4.5,~10 baskets,-,,southern,48.439933333333336,-124.2881,48.450966666666666,-124.32358333333333,27
12,Spiny Dogfish,2,Juan de Fuca Strait,2018-08-11T00:00:00Z,large,2,2,NA,Y,NA,Squalus suckleyi,Animalia,Chordata,Elasmobranchii,Squaliformes,Squalidae,Squalus,species,Squalus suckleyi,JF,F21,12,18-08-11,19:10,48 26.358,124 17.188,19:19,48,26.396,124,17.286,19:46,48,27.058,124,19.415,19:53,48 26.991,124 19.777,115,25,25,19:22,19:41,50-129 fm,3.1-4.5,~10 baskets,-,,southern,48.439933333333336,-124.2881,48.450966666666666,-124.32358333333333,27
12,Chum Salmon,2,Juan de Fuca Strait,2018-08-11T00:00:00Z,juvenile,10,5,NA,Y,NA,Oncorhynchus keta,Animalia,Chordata,Actinopterygii,Salmoniformes,Salmonidae,Oncorhynchus,species,Oncorhynchus keta,JF,F21,12,18-08-11,19:10,48 26.358,124 17.188,19:19,48,26.396,124,17.286,19:46,48,27.058,124,19.415,19:53,48 26.991,124 19.777,115,25,25,19:22,19:41,50-129 fm,3.1-4.5,~10 baskets,-,,southern,48.439933333333336,-124.2881,48.450966666666666,-124.32358333333333,27
12,Spiny Dogfish,2,Juan de Fuca Strait,2018-08-11T00:00:00Z,small,5,5,NA,Y,NA,Squalus suckleyi,Animalia,Chordata,Elasmobranchii,Squaliformes,Squalidae,Squalus,species,Squalus suckleyi,JF,F21,12,18-08-11,19:10,48 26.358,124 17.188,19:19,48,26.396,124,17.286,19:46,48,27.058,124,19.415,19:53,48 26.991,124 19.777,115,25,25,19:22,19:41,50-129 fm,3.1-4.5,~10 baskets,-,,southern,48.439933333333336,-124.2881,48.450966666666666,-124.32358333333333,27
12,White Bait Smelt,NA,NA,NA,NA,NA,NA,NA,NA,3,Allosmerus elongatus,Animalia,Chordata,Actinopterygii,Osmeriformes,Osmeridae,Allosmerus,species,Allosmerus elongatus,JF,F21,12,18-08-11,19:10,48 26.358,124 17.188,19:19,48,26.396,124,17.286,19:46,48,27.058,124,19.415,19:53,48 26.991,124 19.777,115,25,25,19:22,19:41,50-129 fm,3.1-4.5,~10 baskets,-,,southern,48.439933333333336,-124.2881,48.450966666666666,-124.32358333333333,27
12,Walleye Pollock,NA,NA,NA,juvenile,NA,NA,NA,NA,100,Gadus/chalcogrammus,Animalia,Chordata,Actinopterygii,Gadiformes,Gadidae ,Gadus,species,Gadus/chalcogrammus,JF,F21,12,18-08-11,19:10,48 26.358,124 17.188,19:19,48,26.396,124,17.286,19:46,48,27.058,124,19.415,19:53,48 26.991,124 19.777,115,25,25,19:22,19:41,50-129 fm,3.1-4.5,~10 baskets,-,,southern,48.439933333333336,-124.2881,48.450966666666666,-124.32358333333333,27
12,Sockeye Salmon,2,Juan de Fuca Strait,2018-08-11T00:00:00Z,NA,10,5,NA,Y,68,Oncorhynchus nerka,Animalia,Chordata,Actinopterygii,Salmoniformes,Salmonidae,Oncorhynchus,species,Oncorhynchus nerka,JF,F21,12,18-08-11,19:10,48 26.358,124 17.188,19:19,48,26.396,124,17.286,19:46,48,27.058,124,19.415,19:53,48 26.991,124 19.777,115,25,25,19:22,19:41,50-129 fm,3.1-4.5,~10 baskets,-,,southern,48.439933333333336,-124.2881,48.450966666666666,-124.32358333333333,27
12,Chinook Salmon,2,Juan de Fuca Strait,2018-08-11T00:00:00Z,juvenile,1,1,NA,Y,NA,Oncorhynchus tshawytscha,Animalia,Chordata,Actinopterygii,Salmoniformes,Salmonidae,Oncorhynchus,species,Oncorhynchus tshawytscha,JF,F21,12,18-08-11,19:10,48 26.358,124 17.188,19:19,48,26.396,124,17.286,19:46,48,27.058,124,19.415,19:53,48 26.991,124 19.777,115,25,25,19:22,19:41,50-129 fm,3.1-4.5,~10 baskets,-,,southern,48.439933333333336,-124.2881,48.450966666666666,-124.32358333333333,27
12,Northern Anchovy,2,Juan de Fuca Strait,2018-08-11T00:00:00Z,NA,4,3,NA,Y,4,Engraulis mordax,Animalia,Chordata,Actinopterygii,Clupeiformes,Engraulidae,Engraulis,species,Engraulis mordax,JF,F21,12,18-08-11,19:10,48 26.358,124 17.188,19:19,48,26.396,124,17.286,19:46,48,27.058,124,19.415,19:53,48 26.991,124 19.777,115,25,25,19:22,19:41,50-129 fm,3.1-4.5,~10 baskets,-,,southern,48.439933333333336,-124.2881,48.450966666666666,-124.32358333333333,27
12,Pacific Herring,2,Juan de Fuca Strait,2018-08-11T00:00:00Z,juvenile,5,5,samples taken for isotopes and FA from different individuals (because too small),Y,NA,Clupea pallasii,Animalia,Chordata,Actinopterygii,Clupeiformes,Clupeidae,Clupea,species,Clupea pallasii,JF,F21,12,18-08-11,19:10,48 26.358,124 17.188,19:19,48,26.396,124,17.286,19:46,48,27.058,124,19.415,19:53,48 26.991,124 19.777,115,25,25,19:22,19:41,50-129 fm,3.1-4.5,~10 baskets,-,,southern,48.439933333333336,-124.2881,48.450966666666666,-124.32358333333333,27
12,Chum Salmon,NA,NA,NA,juvenile,NA,NA,NA,NA,24,Oncorhynchus keta,Animalia,Chordata,Actinopterygii,Salmoniformes,Salmonidae,Oncorhynchus,species,Oncorhynchus keta,JF,F21,12,18-08-11,19:10,48 26.358,124 17.188,19:19,48,26.396,124,17.286,19:46,48,27.058,124,19.415,19:53,48 26.991,124 19.777,115,25,25,19:22,19:41,50-129 fm,3.1-4.5,~10 baskets,-,,southern,48.439933333333336,-124.2881,48.450966666666666,-124.32358333333333,27
12,Pink Salmon,NA,NA,NA,juvenile,NA,NA,NA,NA,100,Oncorhynchus gorbuscha,Animalia,Chordata,Actinopterygii,Salmoniformes,Salmonidae,Oncorhynchus,species,Oncorhynchus gorbuscha,JF,F21,12,18-08-11,19:10,48 26.358,124 17.188,19:19,48,26.396,124,17.286,19:46,48,27.058,124,19.415,19:53,48 26.991,124 19.777,115,25,25,19:22,19:41,50-129 fm,3.1-4.5,~10 baskets,-,,southern,48.439933333333336,-124.2881,48.450966666666666,-124.32358333333333,27
12,Chinook Salmon,NA,NA,NA,juvenile,NA,NA,NA,NA,1,Oncorhynchus tshawytscha,Animalia,Chordata,Actinopterygii,Salmoniformes,Salmonidae,Oncorhynchus,species,Oncorhynchus tshawytscha,JF,F21,12,18-08-11,19:10,48 26.358,124 17.188,19:19,48,26.396,124,17.286,19:46,48,27.058,124,19.415,19:53,48 26.991,124 19.777,115,25,25,19:22,19:41,50-129 fm,3.1-4.5,~10 baskets,-,,southern,48.439933333333336,-124.2881,48.450966666666666,-124.32358333333333,27
12,Pacific Herring,NA,NA,NA,NA,NA,NA,NA,NA,99,Clupea pallasii,Animalia,Chordata,Actinopterygii,Clupeiformes,Clupeidae,Clupea,species,Clupea pallasii,JF,F21,12,18-08-11,19:10,48 26.358,124 17.188,19:19,48,26.396,124,17.286,19:46,48,27.058,124,19.415,19:53,48 26.991,124 19.777,115,25,25,19:22,19:41,50-129 fm,3.1-4.5,~10 baskets,-,,southern,48.439933333333336,-124.2881,48.450966666666666,-124.32358333333333,27
12,Pacific Herring,2,Juan de Fuca Strait,2018-08-11T00:00:00Z,large,1,1,NA,Y,NA,Clupea pallasii,Animalia,Chordata,Actinopterygii,Clupeiformes,Clupeidae,Clupea,species,Clupea pallasii,JF,F21,12,18-08-11,19:10,48 26.358,124 17.188,19:19,48,26.396,124,17.286,19:46,48,27.058,124,19.415,19:53,48 26.991,124 19.777,115,25,25,19:22,19:41,50-129 fm,3.1-4.5,~10 baskets,-,,southern,48.439933333333336,-124.2881,48.450966666666666,-124.32358333333333,27
12,Chinook Salmon,2,Juan de Fuca Strait,2018-08-11T00:00:00Z,NA,10,10,NA,Y (we have 8),10,Oncorhynchus tshawytscha,Animalia,Chordata,Actinopterygii,Salmoniformes,Salmonidae,Oncorhynchus,species,Oncorhynchus tshawytscha,JF,F21,12,18-08-11,19:10,48 26.358,124 17.188,19:19,48,26.396,124,17.286,19:46,48,27.058,124,19.415,19:53,48 26.991,124 19.777,115,25,25,19:22,19:41,50-129 fm,3.1-4.5,~10 baskets,-,,southern,48.439933333333336,-124.2881,48.450966666666666,-124.32358333333333,27
12,Walleye Pollock,NA,NA,NA,NA,NA,NA,NA,NA,53,Gadus/chalcogrammus,Animalia,Chordata,Actinopterygii,Gadiformes,Gadidae ,Gadus,species,Gadus/chalcogrammus,JF,F21,12,18-08-11,19:10,48 26.358,124 17.188,19:19,48,26.396,124,17.286,19:46,48,27.058,124,19.415,19:53,48 26.991,124 19.777,115,25,25,19:22,19:41,50-129 fm,3.1-4.5,~10 baskets,-,,southern,48.439933333333336,-124.2881,48.450966666666666,-124.32358333333333,27
12,Coho Salmon,2,Juan de Fuca Strait,2018-08-11T00:00:00Z,juvenile,6,5,NA,Y,NA,Oncorhynchus kisutch,Animalia,Chordata,Actinopterygii,Salmoniformes,Salmonidae,Oncorhynchus,species,Oncorhynchus kisutch,JF,F21,12,18-08-11,19:10,48 26.358,124 17.188,19:19,48,26.396,124,17.286,19:46,48,27.058,124,19.415,19:53,48 26.991,124 19.777,115,25,25,19:22,19:41,50-129 fm,3.1-4.5,~10 baskets,-,,southern,48.439933333333336,-124.2881,48.450966666666666,-124.32358333333333,27
12,Spiny Dogfish,NA,NA,NA,NA,NA,NA,NA,NA,100,Squalus suckleyi,Animalia,Chordata,Elasmobranchii,Squaliformes,Squalidae,Squalus,species,Squalus suckleyi,JF,F21,12,18-08-11,19:10,48 26.358,124 17.188,19:19,48,26.396,124,17.286,19:46,48,27.058,124,19.415,19:53,48 26.991,124 19.777,115,25,25,19:22,19:41,50-129 fm,3.1-4.5,~10 baskets,-,,southern,48.439933333333336,-124.2881,48.450966666666666,-124.32358333333333,27
13,Pacific Pacific Hake,NA,NA,NA,NA,NA,NA,NA,NA,23,Merluccius productus,Animalia,Chordata,Actinopterygii,Gadiformes,Merlucciidae,Merluccius,species,Merluccius productus,JF,F19,13,18-08-11,23:08,48 24.352,124 16.443,23:15,48,24.256,124,15.89,23:29,48,23.72,124,14.28,23:36,48 23.353,124 13.691,194,115-140,127.5,23:20,23:25,126-163 fm,4.5-6.1,-,-,Lots of fish larvae.,southern,48.404266666666665,-124.26483333333333,48.39533333333333,-124.238,14
13,Walleye Pollock,NA,NA,NA,NA,NA,NA,NA,NA,101,Gadus/chalcogrammus,Animalia,Chordata,Actinopterygii,Gadiformes,Gadidae ,Gadus,species,Gadus/chalcogrammus,JF,F19,13,18-08-11,23:08,48 24.352,124 16.443,23:15,48,24.256,124,15.89,23:29,48,23.72,124,14.28,23:36,48 23.353,124 13.691,194,115-140,127.5,23:20,23:25,126-163 fm,4.5-6.1,-,-,Lots of fish larvae.,southern,48.404266666666665,-124.26483333333333,48.39533333333333,-124.238,14
13,Spiny Dogfish,NA,NA,NA,NA,NA,NA,NA,NA,100,Squalus suckleyi,Animalia,Chordata,Elasmobranchii,Squaliformes,Squalidae,Squalus,species,Squalus suckleyi,JF,F19,13,18-08-11,23:08,48 24.352,124 16.443,23:15,48,24.256,124,15.89,23:29,48,23.72,124,14.28,23:36,48 23.353,124 13.691,194,115-140,127.5,23:20,23:25,126-163 fm,4.5-6.1,-,-,Lots of fish larvae.,southern,48.404266666666665,-124.26483333333333,48.39533333333333,-124.238,14
13,Pacific Herring,NA,NA,NA,NA,NA,NA,NA,NA,100,Clupea pallasii,Animalia,Chordata,Actinopterygii,Clupeiformes,Clupeidae,Clupea,species,Clupea pallasii,JF,F19,13,18-08-11,23:08,48 24.352,124 16.443,23:15,48,24.256,124,15.89,23:29,48,23.72,124,14.28,23:36,48 23.353,124 13.691,194,115-140,127.5,23:20,23:25,126-163 fm,4.5-6.1,-,-,Lots of fish larvae.,southern,48.404266666666665,-124.26483333333333,48.39533333333333,-124.238,14
13,Myctophid,2,Juan de Fuca Strait,2018-08-11T00:00:00Z,NA,0,6,NA,?,NA,Diaphus theta,Animalia ,Chordata,Teleostei,Myctophiformes ,Myctophidae ,Diaphys,species,Diaphus theta,JF,F19,13,18-08-11,23:08,48 24.352,124 16.443,23:15,48,24.256,124,15.89,23:29,48,23.72,124,14.28,23:36,48 23.353,124 13.691,194,115-140,127.5,23:20,23:25,126-163 fm,4.5-6.1,-,-,Lots of fish larvae.,southern,48.404266666666665,-124.26483333333333,48.39533333333333,-124.238,14
13,Myctophiid sp,NA,NA,NA,NA,NA,NA,NA,NA,6,Diaphus theta,Animalia ,Chordata,Teleostei,Myctophiformes ,Myctophidae ,Diaphys,species,Diaphus theta,JF,F19,13,18-08-11,23:08,48 24.352,124 16.443,23:15,48,24.256,124,15.89,23:29,48,23.72,124,14.28,23:36,48 23.353,124 13.691,194,115-140,127.5,23:20,23:25,126-163 fm,4.5-6.1,-,-,Lots of fish larvae.,southern,48.404266666666665,-124.26483333333333,48.39533333333333,-124.238,14
13,Walleye Pollock,NA,NA,NA,NA,NA,NA,NA,NA,6,Gadus/chalcogrammus,Animalia,Chordata,Actinopterygii,Gadiformes,Gadidae ,Gadus,species,Gadus/chalcogrammus,JF,F19,13,18-08-11,23:08,48 24.352,124 16.443,23:15,48,24.256,124,15.89,23:29,48,23.72,124,14.28,23:36,48 23.353,124 13.691,194,115-140,127.5,23:20,23:25,126-163 fm,4.5-6.1,-,-,Lots of fish larvae.,southern,48.404266666666665,-124.26483333333333,48.39533333333333,-124.238,14
13,Eulachon,NA,NA,NA,NA,NA,NA,NA,NA,6,Thaleichthys pacificus,Animalia,Chordata,Actinopterygii,Osmeriformes,Osmeridae,Thaleichthys,species,Thaleichthys pacificus,JF,F19,13,18-08-11,23:08,48 24.352,124 16.443,23:15,48,24.256,124,15.89,23:29,48,23.72,124,14.28,23:36,48 23.353,124 13.691,194,115-140,127.5,23:20,23:25,126-163 fm,4.5-6.1,-,-,Lots of fish larvae.,southern,48.404266666666665,-124.26483333333333,48.39533333333333,-124.238,14
13,Chinook Salmon,2,Juan de Fuca Strait,2018-08-11T00:00:00Z,NA,8,8,scales taken from right side above lateral line,? (we have 2),8,Oncorhynchus tshawytscha,Animalia,Chordata,Actinopterygii,Salmoniformes,Salmonidae,Oncorhynchus,species,Oncorhynchus tshawytscha,JF,F19,13,18-08-11,23:08,48 24.352,124 16.443,23:15,48,24.256,124,15.89,23:29,48,23.72,124,14.28,23:36,48 23.353,124 13.691,194,115-140,127.5,23:20,23:25,126-163 fm,4.5-6.1,-,-,Lots of fish larvae.,southern,48.404266666666665,-124.26483333333333,48.39533333333333,-124.238,14
14,Chinook Salmon,2,Juan de Fuca Strait,2018-08-12T00:00:00Z,NA,5,5,don't have unique catch number for individuals in Trawls 14-16 (have unique lenghs and weights recorded on each bag so can match individual fish to numbers later),Y,5,Oncorhynchus tshawytscha,Animalia,Chordata,Actinopterygii,Salmoniformes,Salmonidae,Oncorhynchus,species,Oncorhynchus tshawytscha,SB,S2,14,18-08-12,17:01,48 32.552,125 02.033,17:09,48,32.586,125,2.228,17:27,48,32.223,125,3.875,17:32,48 32.298,125 04.248,75,50-60,55,17:14,17:23,100 fm,3.5-4.0,1.5 baskets,-,,southern,48.5431,-125.03713333333333,48.53705,-125.06458333333333,18
14,Pacific Herring,NA,NA,NA,NA,NA,NA,NA,NA,101,Clupea pallasii,Animalia,Chordata,Actinopterygii,Clupeiformes,Clupeidae,Clupea,species,Clupea pallasii,SB,S2,14,18-08-12,17:01,48 32.552,125 02.033,17:09,48,32.586,125,2.228,17:27,48,32.223,125,3.875,17:32,48 32.298,125 04.248,75,50-60,55,17:14,17:23,100 fm,3.5-4.0,1.5 baskets,-,,southern,48.5431,-125.03713333333333,48.53705,-125.06458333333333,18
14,Pacific Herring,2,Juan de Fuca Strait,2018-08-12T00:00:00Z,large,10,5,NA,Y,NA,Clupea pallasii,Animalia,Chordata,Actinopterygii,Clupeiformes,Clupeidae,Clupea,species,Clupea pallasii,SB,S2,14,18-08-12,17:01,48 32.552,125 02.033,17:09,48,32.586,125,2.228,17:27,48,32.223,125,3.875,17:32,48 32.298,125 04.248,75,50-60,55,17:14,17:23,100 fm,3.5-4.0,1.5 baskets,-,,southern,48.5431,-125.03713333333333,48.53705,-125.06458333333333,18
14,Pacific Herring,2,Juan de Fuca Strait,2018-08-12T00:00:00Z,medium,10,5,NA,Y,NA,Clupea pallasii,Animalia,Chordata,Actinopterygii,Clupeiformes,Clupeidae,Clupea,species,Clupea pallasii,SB,S2,14,18-08-12,17:01,48 32.552,125 02.033,17:09,48,32.586,125,2.228,17:27,48,32.223,125,3.875,17:32,48 32.298,125 04.248,75,50-60,55,17:14,17:23,100 fm,3.5-4.0,1.5 baskets,-,,southern,48.5431,-125.03713333333333,48.53705,-125.06458333333333,18
14,Pacific Herring,2,Juan de Fuca Strait,2018-08-12T00:00:00Z,juvenile,2,0,NA,Y,NA,Clupea pallasii,Animalia,Chordata,Actinopterygii,Clupeiformes,Clupeidae,Clupea,species,Clupea pallasii,SB,S2,14,18-08-12,17:01,48 32.552,125 02.033,17:09,48,32.586,125,2.228,17:27,48,32.223,125,3.875,17:32,48 32.298,125 04.248,75,50-60,55,17:14,17:23,100 fm,3.5-4.0,1.5 baskets,-,,southern,48.5431,-125.03713333333333,48.53705,-125.06458333333333,18
14,American Shad,2,Juan de Fuca Strait,2018-08-12T00:00:00Z,NA,1,1,NA,Y,1,Alosa sapidissima,Animalia,Chordata,Actinopterygii,Clupeiformes,Clupeidae,Alosa,species,Alosa sapidissima,SB,S2,14,18-08-12,17:01,48 32.552,125 02.033,17:09,48,32.586,125,2.228,17:27,48,32.223,125,3.875,17:32,48 32.298,125 04.248,75,50-60,55,17:14,17:23,100 fm,3.5-4.0,1.5 baskets,-,,southern,48.5431,-125.03713333333333,48.53705,-125.06458333333333,18
14,Northern Anchovy,2,Juan de Fuca Strait,2018-08-12T00:00:00Z,NA,1,1,NA,Y,1,Engraulis mordax,Animalia,Chordata,Actinopterygii,Clupeiformes,Engraulidae,Engraulis,species,Engraulis mordax,SB,S2,14,18-08-12,17:01,48 32.552,125 02.033,17:09,48,32.586,125,2.228,17:27,48,32.223,125,3.875,17:32,48 32.298,125 04.248,75,50-60,55,17:14,17:23,100 fm,3.5-4.0,1.5 baskets,-,,southern,48.5431,-125.03713333333333,48.53705,-125.06458333333333,18
16,Chinook Salmon,2,Swiftsure Bank,2018-08-13T00:00:00Z,NA,6,6,individual with 0.498kg and 34.8cm measurements had scales taken from right side near anal fin,Y,6,Oncorhynchus tshawytscha,Animalia,Chordata,Actinopterygii,Salmoniformes,Salmonidae,Oncorhynchus,species,Oncorhynchus tshawytscha,SB,S4,16,18-08-13,15:23,48 37.028,124 56.671,15:32,48,36.999,124,56.913,15:57,48,36.744,124,59.958,16:03,48 36.923,125 00.542,64,20,20,15:35,15:55,43 fm,3.9-5.7,1/4 basket,-,,southern,48.61665,-124.94855,48.6124,-124.9993,25
16,Sockeye Salmon,2,Swiftsure Bank,2018-08-13T00:00:00Z,NA,2,2,NA,Y,2,Oncorhynchus nerka,Animalia,Chordata,Actinopterygii,Salmoniformes,Salmonidae,Oncorhynchus,species,Oncorhynchus nerka,SB,S4,16,18-08-13,15:23,48 37.028,124 56.671,15:32,48,36.999,124,56.913,15:57,48,36.744,124,59.958,16:03,48 36.923,125 00.542,64,20,20,15:35,15:55,43 fm,3.9-5.7,1/4 basket,-,,southern,48.61665,-124.94855,48.6124,-124.9993,25
16,Coho Salmon,2,Swiftsure Bank,2018-08-13T00:00:00Z,NA,4,4,NA,Y,4,Oncorhynchus kisutch,Animalia,Chordata,Actinopterygii,Salmoniformes,Salmonidae,Oncorhynchus,species,Oncorhynchus kisutch,SB,S4,16,18-08-13,15:23,48 37.028,124 56.671,15:32,48,36.999,124,56.913,15:57,48,36.744,124,59.958,16:03,48 36.923,125 00.542,64,20,20,15:35,15:55,43 fm,3.9-5.7,1/4 basket,-,,southern,48.61665,-124.94855,48.6124,-124.9993,25
