species,length_cm,sample_id,total_length_cm
Allosmerus elongatus,11.3,2607,12.43124312431243
Allosmerus elongatus,12.3,2608,13.531353135313532
Allosmerus elongatus,11.7,2609,12.87128712871287
Anoplopoma fimbria,42.5,3157,43.56249999999999
Anoplopoma fimbria,48,3156,49.199999999999996
Anoplopoma fimbria,43.4,807,44.48499999999999
Anoplopoma fimbria,41.1,3155,42.1275
Alosa sapidissima,25.5,3129,28.7385
Clupea pallasii,14.4,1,15.661000000000001
Clupea pallasii,17,1098,18.547
Clupea pallasii,14.1,1099,15.328000000000001
Clupea pallasii,14.4,1100,15.661000000000001
Clupea pallasii,17,1101,18.547
Clupea pallasii,15.4,1102,16.771
Clupea pallasii,13.9,1103,15.106000000000002
Clupea pallasii,14.3,1104,15.550000000000002
Clupea pallasii,15.2,1105,16.549
Clupea pallasii,16.1,1106,17.548000000000002
Clupea pallasii,13.2,1107,14.329
Clupea pallasii,14.8,1095,16.105
Clupea pallasii,15,1096,16.327
Clupea pallasii,16.2,1097,17.659
Clupea pallasii,9,2204,9.667
Clupea pallasii,9.2,2205,9.889
Clupea pallasii,9.4,2206,10.111
Clupea pallasii,9.2,2207,9.889
Clupea pallasii,8.2,2208,8.779
Clupea pallasii,9.7,2209,10.443999999999999
Clupea pallasii,8.4,2210,9.001000000000001
Clupea pallasii,13.7,146,14.884
Clupea pallasii,14.6,147,15.883
Clupea pallasii,13,148,14.107000000000001
Clupea pallasii,15.8,1108,17.215000000000003
Clupea pallasii,14.5,1109,15.772000000000002
Clupea pallasii,13.6,151,14.773
Clupea pallasii,18.2,1488,19.879
Clupea pallasii,14,32,15.217
Clupea pallasii,9.5,33,10.222000000000001
Clupea pallasii,8,34,8.557
Clupea pallasii,15.5,2221,16.882
Clupea pallasii,14,2222,15.217
Clupea pallasii,16.6,2223,18.103
Clupea pallasii,14,2224,15.217
Clupea pallasii,14,2225,15.217
Clupea pallasii,14.2,2226,15.439
Clupea pallasii,14.6,2227,15.883
Clupea pallasii,14.6,2228,15.883
Clupea pallasii,13.7,2229,14.884
Clupea pallasii,14.2,2230,15.439
Clupea pallasii,14.5,2231,15.772000000000002
Clupea pallasii,13,2232,14.107000000000001
Clupea pallasii,14.5,2233,15.772000000000002
Clupea pallasii,15.2,2234,16.549
Clupea pallasii,13.1,2235,14.218
Clupea pallasii,13.5,2236,14.662
Clupea pallasii,14.1,2237,15.328000000000001
Clupea pallasii,14.2,2238,15.439
Clupea pallasii,14,2239,15.217
Clupea pallasii,14,2240,15.217
Clupea pallasii,13.7,2241,14.884
Clupea pallasii,14.2,2242,15.439
Clupea pallasii,15.7,1110,17.104
Clupea pallasii,14.1,2244,15.328000000000001
Clupea pallasii,14,2245,15.217
Clupea pallasii,14.3,2246,15.550000000000002
Clupea pallasii,14.2,2247,15.439
Clupea pallasii,14,2248,15.217
Clupea pallasii,13.9,2249,15.106000000000002
Clupea pallasii,11.9,2250,12.886000000000001
Clupea pallasii,12,2251,12.997
Clupea pallasii,13.9,2252,15.106000000000002
Clupea pallasii,14.4,2253,15.661000000000001
Clupea pallasii,14,149,15.217
Clupea pallasii,12.8,150,13.885000000000002
Clupea pallasii,13.3,2256,14.440000000000001
Clupea pallasii,12.9,2257,13.996
Clupea pallasii,14.3,2258,15.550000000000002
Clupea pallasii,13.1,2259,14.218
Clupea pallasii,14,2260,15.217
Clupea pallasii,13.8,2261,14.995000000000001
Clupea pallasii,14,2262,15.217
Clupea pallasii,14.2,2263,15.439
Clupea pallasii,14.3,2264,15.550000000000002
Clupea pallasii,13.8,2265,14.995000000000001
Clupea pallasii,13.7,2266,14.884
Clupea pallasii,14.8,2267,16.105
Clupea pallasii,13,2268,14.107000000000001
Clupea pallasii,14.1,2269,15.328000000000001
Clupea pallasii,13.5,2270,14.662
Clupea pallasii,13.5,2271,14.662
Clupea pallasii,13.6,2272,14.773
Clupea pallasii,13.5,2273,14.662
Clupea pallasii,14.5,2274,15.772000000000002
Clupea pallasii,13.2,2275,14.329
Clupea pallasii,13.7,2276,14.884
Clupea pallasii,14,2277,15.217
Clupea pallasii,14.2,2278,15.439
Clupea pallasii,14.8,2279,16.105
Clupea pallasii,13.7,2280,14.884
Clupea pallasii,14,2281,15.217
Clupea pallasii,13.7,2282,14.884
Clupea pallasii,13.5,2243,14.662
Clupea pallasii,14,2284,15.217
Clupea pallasii,14,2285,15.217
Clupea pallasii,15,2286,16.327
Clupea pallasii,14,2287,15.217
Clupea pallasii,14.3,2288,15.550000000000002
Clupea pallasii,13.2,2289,14.329
Clupea pallasii,12.6,2290,13.663
Clupea pallasii,14.2,2291,15.439
Clupea pallasii,13,2292,14.107000000000001
Clupea pallasii,14,2293,15.217
Clupea pallasii,13.2,2294,14.329
Clupea pallasii,13.5,2295,14.662
Clupea pallasii,14.7,2296,15.994
Clupea pallasii,13.7,2297,14.884
Clupea pallasii,14.6,2298,15.883
Clupea pallasii,14.3,2299,15.550000000000002
Clupea pallasii,13.5,2300,14.662
Clupea pallasii,14,2301,15.217
Clupea pallasii,13.5,2302,14.662
Clupea pallasii,12.9,2303,13.996
Clupea pallasii,13.2,2304,14.329
Clupea pallasii,14.1,2305,15.328000000000001
Clupea pallasii,15.2,1577,16.549
Clupea pallasii,14.1,1578,15.328000000000001
Clupea pallasii,16.1,1579,17.548000000000002
Clupea pallasii,14,1580,15.217
Clupea pallasii,18.6,1581,20.323000000000004
Clupea pallasii,15.4,1582,16.771
Clupea pallasii,14,1583,15.217
Clupea pallasii,14.1,1584,15.328000000000001
Clupea pallasii,14.1,1585,15.328000000000001
Clupea pallasii,15.6,1586,16.993000000000002
Clupea pallasii,14.9,1587,16.216
Clupea pallasii,18.4,3045,20.101
Clupea pallasii,19.1,3046,20.878000000000004
Clupea pallasii,15.1,3047,16.438000000000002
Clupea pallasii,14.1,3048,15.328000000000001
Clupea pallasii,15.5,3049,16.882
Clupea pallasii,16,136,17.437
Clupea pallasii,14.6,137,15.883
Clupea pallasii,13.9,138,15.106000000000002
Clupea pallasii,13.4,139,14.551000000000002
Clupea pallasii,13.3,140,14.440000000000001
Clupea pallasii,14.7,141,15.994
Clupea pallasii,13.5,142,14.662
Clupea pallasii,13.1,143,14.218
Clupea pallasii,14.7,144,15.994
Clupea pallasii,13.9,145,15.106000000000002
Clupea pallasii,16.6,152,18.103
Clupea pallasii,14.8,153,16.105
Clupea pallasii,14.5,154,15.772000000000002
Clupea pallasii,14,155,15.217
Clupea pallasii,13.7,156,14.884
Clupea pallasii,14.1,157,15.328000000000001
Clupea pallasii,13.5,158,14.662
Clupea pallasii,14.2,159,15.439
Clupea pallasii,14.6,160,15.883
Clupea pallasii,13.3,161,14.440000000000001
Clupea pallasii,13.4,162,14.551000000000002
Clupea pallasii,14.2,163,15.439
Clupea pallasii,15.1,164,16.438000000000002
Clupea pallasii,13.5,165,14.662
Clupea pallasii,13,166,14.107000000000001
Clupea pallasii,15,167,16.327
Clupea pallasii,14.5,168,15.772000000000002
Clupea pallasii,14.8,169,16.105
Clupea pallasii,14.3,170,15.550000000000002
Clupea pallasii,15.9,171,17.326
Clupea pallasii,14.5,172,15.772000000000002
Clupea pallasii,14.2,173,15.439
Clupea pallasii,13.1,174,14.218
Clupea pallasii,13.9,175,15.106000000000002
Clupea pallasii,15.2,176,16.549
Clupea pallasii,14.9,177,16.216
Clupea pallasii,14,178,15.217
Clupea pallasii,13.3,179,14.440000000000001
Clupea pallasii,13.4,180,14.551000000000002
Clupea pallasii,13.1,181,14.218
Clupea pallasii,15.7,182,17.104
Clupea pallasii,13.7,183,14.884
Clupea pallasii,14.7,184,15.994
Clupea pallasii,15.1,185,16.438000000000002
Clupea pallasii,14.7,186,15.994
Clupea pallasii,14.1,187,15.328000000000001
Clupea pallasii,13.4,188,14.551000000000002
Clupea pallasii,13.5,2254,14.662
Clupea pallasii,14.2,2255,15.439
Clupea pallasii,14,191,15.217
Clupea pallasii,16,192,17.437
Clupea pallasii,14.4,193,15.661000000000001
Clupea pallasii,14.2,194,15.439
Clupea pallasii,13.1,195,14.218
Clupea pallasii,13.5,196,14.662
Clupea pallasii,13.5,197,14.662
Clupea pallasii,14.5,198,15.772000000000002
Clupea pallasii,13.2,199,14.329
Clupea pallasii,13.2,200,14.329
Clupea pallasii,18,201,19.657
Clupea pallasii,17.2,202,18.769000000000002
Clupea pallasii,15.2,203,16.549
Clupea pallasii,13.2,204,14.329
Clupea pallasii,15,205,16.327
Clupea pallasii,13.1,206,14.218
Clupea pallasii,14.7,207,15.994
Clupea pallasii,14.5,208,15.772000000000002
Clupea pallasii,14.1,209,15.328000000000001
Clupea pallasii,13.8,210,14.995000000000001
Clupea pallasii,13.5,211,14.662
Clupea pallasii,14.4,212,15.661000000000001
Clupea pallasii,14,213,15.217
Clupea pallasii,13.8,214,14.995000000000001
Clupea pallasii,13.7,215,14.884
Clupea pallasii,12.7,216,13.774000000000001
Clupea pallasii,13.3,217,14.440000000000001
Clupea pallasii,14,2283,15.217
Clupea pallasii,13.3,219,14.440000000000001
Clupea pallasii,13.7,220,14.884
Clupea pallasii,12.7,221,13.774000000000001
Clupea pallasii,14.6,222,15.883
Clupea pallasii,13.1,223,14.218
Clupea pallasii,13,224,14.107000000000001
Clupea pallasii,14.1,225,15.328000000000001
Clupea pallasii,14.8,226,16.105
Clupea pallasii,13.6,227,14.773
Clupea pallasii,14.3,228,15.550000000000002
Clupea pallasii,15,229,16.327
Clupea pallasii,13.5,230,14.662
Clupea pallasii,14.3,231,15.550000000000002
Clupea pallasii,13.5,232,14.662
Clupea pallasii,13.9,233,15.106000000000002
Clupea pallasii,13.8,234,14.995000000000001
Clupea pallasii,13.2,235,14.329
Clupea pallasii,10.5,252,11.332
Clupea pallasii,14.6,253,15.883
Clupea pallasii,13.7,254,14.884
Clupea pallasii,14,255,15.217
Clupea pallasii,13.5,256,14.662
Clupea pallasii,14.1,257,15.328000000000001
Clupea pallasii,10.1,258,10.888
Clupea pallasii,13.5,259,14.662
Clupea pallasii,12.6,260,13.663
Clupea pallasii,18.3,3059,19.990000000000002
Clupea pallasii,15.6,3060,16.993000000000002
Clupea pallasii,15.2,3061,16.549
Clupea pallasii,14.5,3062,15.772000000000002
Clupea pallasii,15.1,3063,16.438000000000002
Clupea pallasii,13.7,3064,14.884
Clupea pallasii,12.9,645,13.996
Clupea pallasii,11.8,646,12.775000000000002
Clupea pallasii,11.1,647,11.998000000000001
Clupea pallasii,15.2,1020,16.549
Clupea pallasii,16.5,1021,17.992
Clupea pallasii,15.6,1022,16.993000000000002
Clupea pallasii,14.8,1023,16.105
Clupea pallasii,14.7,1024,15.994
Clupea pallasii,15,1025,16.327
Clupea pallasii,14.2,1026,15.439
Clupea pallasii,14.5,1027,15.772000000000002
Clupea pallasii,15.7,1028,17.104
Clupea pallasii,14.8,1029,16.105
Clupea pallasii,14.6,1030,15.883
Clupea pallasii,14.5,1031,15.772000000000002
Clupea pallasii,15.2,1032,16.549
Clupea pallasii,14.5,1033,15.772000000000002
Clupea pallasii,15,1034,16.327
Clupea pallasii,15.3,1035,16.66
Clupea pallasii,15.5,1036,16.882
Clupea pallasii,13.5,1037,14.662
Clupea pallasii,15.2,189,16.549
Clupea pallasii,14.2,190,15.439
Clupea pallasii,14.1,3226,15.328000000000001
Clupea pallasii,21,3227,22.987000000000002
Clupea pallasii,20.2,3228,22.099
Clupea pallasii,17.1,3229,18.658
Clupea pallasii,17.5,1044,19.102
Clupea pallasii,13.9,1045,15.106000000000002
Clupea pallasii,16.2,1046,17.659
Clupea pallasii,15.7,1047,17.104
Clupea pallasii,14.5,1048,15.772000000000002
Clupea pallasii,18.4,1049,20.101
Clupea pallasii,15.3,1050,16.66
Clupea pallasii,15.1,1051,16.438000000000002
Clupea pallasii,15.3,1052,16.66
Clupea pallasii,14.4,1053,15.661000000000001
Clupea pallasii,15,1054,16.327
Clupea pallasii,14.5,1055,15.772000000000002
Clupea pallasii,14.7,1056,15.994
Clupea pallasii,14.5,1057,15.772000000000002
Clupea pallasii,14.8,1058,16.105
Clupea pallasii,14.3,1059,15.550000000000002
Clupea pallasii,16.5,1060,17.992
Clupea pallasii,13.9,1061,15.106000000000002
Clupea pallasii,15.2,1062,16.549
Clupea pallasii,15.3,1063,16.66
Clupea pallasii,15.6,1064,16.993000000000002
Clupea pallasii,15,1065,16.327
Clupea pallasii,15.2,1066,16.549
Clupea pallasii,16,1067,17.437
Clupea pallasii,14.3,1068,15.550000000000002
Clupea pallasii,16.1,1069,17.548000000000002
Clupea pallasii,15.7,1070,17.104
Clupea pallasii,14.3,1071,15.550000000000002
Clupea pallasii,14.9,1072,16.216
Clupea pallasii,13.8,1073,14.995000000000001
Clupea pallasii,15.6,1074,16.993000000000002
Clupea pallasii,14.9,1075,16.216
Clupea pallasii,16,1076,17.437
Clupea pallasii,16.3,1077,17.770000000000003
Clupea pallasii,14.3,1078,15.550000000000002
Clupea pallasii,14.4,1079,15.661000000000001
Clupea pallasii,14.2,1080,15.439
Clupea pallasii,17.1,1081,18.658
Clupea pallasii,16.3,1082,17.770000000000003
Clupea pallasii,15.1,1083,16.438000000000002
Clupea pallasii,15,1084,16.327
Clupea pallasii,15.6,1085,16.993000000000002
Clupea pallasii,15.2,1086,16.549
Clupea pallasii,15.7,1087,17.104
Clupea pallasii,15.2,1088,16.549
Clupea pallasii,18.3,1089,19.990000000000002
Clupea pallasii,14,1090,15.217
Clupea pallasii,15.1,1091,16.438000000000002
Clupea pallasii,15,1092,16.327
Clupea pallasii,14.2,1093,15.439
Clupea pallasii,14.7,1094,15.994
Clupea pallasii,18.5,3038,20.212
Clupea pallasii,19.6,3039,21.433000000000003
Clupea pallasii,19,3040,20.767000000000003
Clupea pallasii,19.1,3041,20.878000000000004
Clupea pallasii,13.1,3042,14.218
Clupea pallasii,22.4,3043,24.541
Clupea pallasii,20.9,3044,22.876
Clupea pallasii,19.4,2200,21.211
Clupea pallasii,10.1,2201,10.888
Clupea pallasii,9.6,2202,10.333
Clupea pallasii,9.7,2203,10.443999999999999
Clupea pallasii,19,3054,20.767000000000003
Clupea pallasii,15.5,3055,16.882
Clupea pallasii,18,3056,19.657
Clupea pallasii,19.3,3057,21.1
Clupea pallasii,15.5,3058,16.882
Clupea pallasii,17.5,3180,19.102
Clupea pallasii,17.2,3181,18.769000000000002
Clupea pallasii,20.2,3182,22.099
Clupea pallasii,18.3,3183,19.990000000000002
Clupea pallasii,18.8,3184,20.545
Clupea pallasii,20.1,3185,21.988000000000003
Clupea pallasii,13.9,3065,15.106000000000002
Clupea pallasii,18,3066,19.657
Clupea pallasii,16.1,1489,17.548000000000002
Clupea pallasii,16.4,1490,17.881
Clupea pallasii,16.4,1491,17.881
Clupea pallasii,15.9,1492,17.326
Clupea pallasii,18,1493,19.657
Clupea pallasii,16,1494,17.437
Clupea pallasii,15.7,1495,17.104
Clupea pallasii,18.1,1496,19.768000000000004
Clupea pallasii,16.5,1497,17.992
Clupea pallasii,18.6,1498,20.323000000000004
Clupea pallasii,14.9,1499,16.216
Clupea pallasii,15,1500,16.327
Clupea pallasii,15.1,1501,16.438000000000002
Clupea pallasii,15.8,1502,17.215000000000003
Clupea pallasii,14,1503,15.217
Clupea pallasii,13.9,1504,15.106000000000002
Clupea pallasii,14.3,1505,15.550000000000002
Clupea pallasii,14.1,1506,15.328000000000001
Clupea pallasii,14.2,1507,15.439
Clupea pallasii,15.3,1508,16.66
Clupea pallasii,15,1509,16.327
Clupea pallasii,16.9,1510,18.436
Clupea pallasii,15.1,1511,16.438000000000002
Clupea pallasii,13.5,1512,14.662
Clupea pallasii,12.9,1513,13.996
Clupea pallasii,15.5,1514,16.882
Clupea pallasii,15.2,1515,16.549
Clupea pallasii,15.1,1516,16.438000000000002
Clupea pallasii,14.6,1517,15.883
Clupea pallasii,14,1518,15.217
Clupea pallasii,15.1,1519,16.438000000000002
Clupea pallasii,15,1520,16.327
Clupea pallasii,14.8,1521,16.105
Clupea pallasii,16.1,1522,17.548000000000002
Clupea pallasii,14.9,1523,16.216
Clupea pallasii,15.1,1524,16.438000000000002
Clupea pallasii,16.6,1525,18.103
Clupea pallasii,18,1526,19.657
Clupea pallasii,15,1527,16.327
Clupea pallasii,14.8,1528,16.105
Clupea pallasii,14.7,1529,15.994
Clupea pallasii,14.6,1530,15.883
Clupea pallasii,15.6,1531,16.993000000000002
Clupea pallasii,18.4,1532,20.101
Clupea pallasii,17.7,1533,19.324
Clupea pallasii,14.6,1534,15.883
Clupea pallasii,18.9,1535,20.656
Clupea pallasii,14.1,1536,15.328000000000001
Clupea pallasii,14.1,1537,15.328000000000001
Clupea pallasii,14.6,1538,15.883
Clupea pallasii,17.5,1539,19.102
Clupea pallasii,14.6,1540,15.883
Clupea pallasii,17.4,1541,18.991
Clupea pallasii,17.6,1542,19.213000000000005
Clupea pallasii,15.2,1543,16.549
Clupea pallasii,14.1,1544,15.328000000000001
Clupea pallasii,14.7,1545,15.994
Clupea pallasii,17.6,1546,19.213000000000005
Clupea pallasii,18.7,1547,20.434
Clupea pallasii,19.2,1548,20.989
Clupea pallasii,9,1549,9.667
Clupea pallasii,14.6,1550,15.883
Clupea pallasii,14.8,1551,16.105
Clupea pallasii,14.5,1552,15.772000000000002
Clupea pallasii,18.9,1553,20.656
Clupea pallasii,14.5,1554,15.772000000000002
Clupea pallasii,14.6,1555,15.883
Clupea pallasii,14.3,1556,15.550000000000002
Clupea pallasii,18.5,1557,20.212
Clupea pallasii,14,1558,15.217
Clupea pallasii,17.6,1559,19.213000000000005
Clupea pallasii,14.6,1560,15.883
Clupea pallasii,14.4,1561,15.661000000000001
Clupea pallasii,18.3,1562,19.990000000000002
Clupea pallasii,17.7,1563,19.324
Clupea pallasii,12.9,1564,13.996
Clupea pallasii,14.9,1565,16.216
Clupea pallasii,15.9,1566,17.326
Clupea pallasii,14.6,1567,15.883
Clupea pallasii,17.6,1568,19.213000000000005
Clupea pallasii,13.6,1569,14.773
Clupea pallasii,16.5,1570,17.992
Clupea pallasii,15.2,1571,16.549
Clupea pallasii,15.2,1572,16.549
Clupea pallasii,14.7,1573,15.994
Clupea pallasii,14.6,1574,15.883
Clupea pallasii,14.7,1575,15.994
Clupea pallasii,14.1,1576,15.328000000000001
Clupea pallasii,16.1,3034,17.548000000000002
Clupea pallasii,19.8,3035,21.655
Clupea pallasii,19.5,3036,21.322000000000003
Clupea pallasii,19.7,3037,21.544
Clupea pallasii,18.4,3159,20.101
Clupea pallasii,18.2,3160,19.879
Clupea pallasii,18.1,3161,19.768000000000004
Clupea pallasii,21.9,3162,23.986
Clupea pallasii,18.3,3163,19.990000000000002
Clupea pallasii,19.2,3164,20.989
Clupea pallasii,18,3165,19.657
Clupea pallasii,15,3085,16.327
Clupea pallasii,18.8,3166,20.545
Clupea pallasii,20.1,3167,21.988000000000003
Clupea pallasii,16.3,3168,17.770000000000003
Clupea pallasii,16,3169,17.437
Clupea pallasii,13.6,3050,14.773
Clupea pallasii,15.2,3051,16.549
Clupea pallasii,19.5,3052,21.322000000000003
Clupea pallasii,20.5,3053,22.432000000000002
Clupea pallasii,18.2,3175,19.879
Clupea pallasii,14,3176,15.217
Clupea pallasii,18.9,3177,20.656
Clupea pallasii,19.1,3178,20.878000000000004
Clupea pallasii,18.9,3179,20.656
Clupea pallasii,20.4,3099,22.321
Clupea pallasii,19.6,3100,21.433000000000003
Clupea pallasii,14.2,3101,15.439
Clupea pallasii,15.2,3102,16.549
Clupea pallasii,16.1,3103,17.548000000000002
Clupea pallasii,14.2,3104,15.439
Clupea pallasii,19.5,3186,21.322000000000003
Clupea pallasii,18.7,3187,20.434
Clupea pallasii,19.9,3067,21.766
Clupea pallasii,14,3068,15.217
Clupea pallasii,15.5,3069,16.882
Clupea pallasii,20,3070,21.877000000000002
Clupea pallasii,19.6,3071,21.433000000000003
Clupea pallasii,15.4,3072,16.771
Clupea pallasii,17.3,3073,18.880000000000003
Clupea pallasii,19,3074,20.767000000000003
Clupea pallasii,15.6,3075,16.993000000000002
Clupea pallasii,19.5,3076,21.322000000000003
Clupea pallasii,18.2,3077,19.879
Clupea pallasii,14.4,528,15.661000000000001
Clupea pallasii,13.1,529,14.218
Clupea pallasii,7.6,530,8.113
Clupea pallasii,14.5,3081,15.772000000000002
Clupea pallasii,14.5,3082,15.772000000000002
Clupea pallasii,14.2,3083,15.439
Clupea pallasii,15.7,3084,17.104
Clupea pallasii,18.3,3086,19.990000000000002
Clupea pallasii,18.6,3087,20.323000000000004
Clupea pallasii,21.1,3088,23.098000000000003
Clupea pallasii,20,3089,21.877000000000002
Clupea pallasii,16.3,3090,17.770000000000003
Clupea pallasii,19.4,3091,21.211
Clupea pallasii,14.5,3092,15.772000000000002
Clupea pallasii,14.2,3093,15.439
Clupea pallasii,14.6,3094,15.883
Clupea pallasii,13.5,3095,14.662
Clupea pallasii,13.9,3096,15.106000000000002
Clupea pallasii,15.3,3097,16.66
Clupea pallasii,14.5,3098,15.772000000000002
Clupea pallasii,19.4,1648,21.211
Clupea pallasii,19,1649,20.767000000000003
Clupea pallasii,18.6,1650,20.323000000000004
Clupea pallasii,18.9,1651,20.656
Clupea pallasii,17.7,1652,19.324
Clupea pallasii,12.7,1653,13.774000000000001
Clupea pallasii,13.6,1654,14.773
Clupea pallasii,14.2,1655,15.439
Clupea pallasii,15.2,1656,16.549
Clupea pallasii,17.9,1657,19.546
Clupea pallasii,14.4,1658,15.661000000000001
Clupea pallasii,14.6,1659,15.883
Clupea pallasii,14.5,1660,15.772000000000002
Clupea pallasii,13.2,1661,14.329
Clupea pallasii,13.1,1662,14.218
Clupea pallasii,13.9,1663,15.106000000000002
Clupea pallasii,14.2,1664,15.439
Clupea pallasii,17.5,1665,19.102
Clupea pallasii,13.7,1666,14.884
Clupea pallasii,15.2,1019,16.549
Clupea pallasii,13.1,218,14.218
Clupea pallasii,19.9,3218,21.766
Clupea pallasii,19.5,3219,21.322000000000003
Clupea pallasii,20,3220,21.877000000000002
Clupea pallasii,21,3221,22.987000000000002
Clupea pallasii,18.2,3222,19.879
Clupea pallasii,13.4,1038,14.551000000000002
Clupea pallasii,19.9,3028,21.766
Clupea pallasii,15.5,3029,16.882
Clupea pallasii,15.7,3030,17.104
Clupea pallasii,19.1,3031,20.878000000000004
Clupea pallasii,16.1,3032,17.548000000000002
Clupea pallasii,15.9,1011,17.326
Clupea pallasii,21.3,3158,23.320000000000004
Clupea pallasii,15.2,1013,16.549
Clupea pallasii,15,1014,16.327
Clupea pallasii,14.9,1015,16.216
Clupea pallasii,14.5,1016,15.772000000000002
Clupea pallasii,14.3,1017,15.550000000000002
Clupea pallasii,13.5,1018,14.662
Clupea pallasii,18.7,3244,20.434
Clupea pallasii,19.6,3205,21.433000000000003
Clupea pallasii,19.2,3206,20.989
Clupea pallasii,18.5,3207,20.212
Clupea pallasii,20.5,3208,22.432000000000002
Clupea pallasii,20.9,3209,22.876
Clupea pallasii,18.9,3174,20.656
Clupea pallasii,18.8,3215,20.545
Clupea pallasii,18.9,3216,20.656
Clupea pallasii,18.2,3217,19.879
Clupea pallasii,20.8,3192,22.765000000000004
Clupea pallasii,9.6,3259,10.333
Clupea pallasii,8.8,3260,9.445000000000002
Clupea pallasii,9.7,3261,10.443999999999999
Clupea pallasii,9.4,3262,10.111
Clupea pallasii,8.7,3263,9.334
Clupea pallasii,15.2,1039,16.549
Clupea pallasii,20,3225,21.877000000000002
Clupea pallasii,16.2,3105,17.659
Clupea pallasii,19,3188,20.767000000000003
Clupea pallasii,18.5,3189,20.212
Clupea pallasii,20.2,3190,22.099
Clupea pallasii,19.5,3191,21.322000000000003
Clupea pallasii,19,3202,20.767000000000003
Clupea pallasii,14.5,1007,15.772000000000002
Clupea pallasii,16.2,1008,17.659
Clupea pallasii,16.3,1009,17.770000000000003
Clupea pallasii,14.6,1010,15.883
Clupea pallasii,14.1,3236,15.328000000000001
Clupea pallasii,15.1,1012,16.438000000000002
Clupea pallasii,16,3238,17.437
Clupea pallasii,21.3,3239,23.320000000000004
Clupea pallasii,15.5,3240,16.882
Clupea pallasii,19.5,3241,21.322000000000003
Clupea pallasii,21.2,3242,23.209
Clupea pallasii,20.4,3243,22.321
Clupea pallasii,20.5,3257,22.432000000000002
Clupea pallasii,19.4,3245,21.211
Clupea pallasii,20.7,3246,22.654
Clupea pallasii,18.8,3247,20.545
Clupea pallasii,19,3248,20.767000000000003
Clupea pallasii,15.5,3249,16.882
Clupea pallasii,20.2,3210,22.099
Clupea pallasii,18.5,3211,20.212
Clupea pallasii,19.9,3212,21.766
Clupea pallasii,19.7,3213,21.544
Clupea pallasii,19.3,3214,21.1
Clupea pallasii,20.3,3255,22.21
Clupea pallasii,18.1,3256,19.768000000000004
Clupea pallasii,19.2,3230,20.989
Clupea pallasii,20,3231,21.877000000000002
Clupea pallasii,13,3232,14.107000000000001
Clupea pallasii,17.9,3233,19.546
Clupea pallasii,18.3,3234,19.990000000000002
Clupea pallasii,18.5,3235,20.212
Clupea pallasii,18.8,3194,20.545
Clupea pallasii,20.5,3237,22.432000000000002
Clupea pallasii,18,3223,19.657
Clupea pallasii,18.9,3224,20.656
Clupea pallasii,14.9,3106,16.216
Clupea pallasii,17,3107,18.547
Clupea pallasii,20,3108,21.877000000000002
Clupea pallasii,19.1,3201,20.878000000000004
Clupea pallasii,14.2,3122,15.439
Clupea pallasii,20.3,3203,22.21
Clupea pallasii,20.5,3204,22.432000000000002
Clupea pallasii,19,3125,20.767000000000003
Clupea pallasii,15.1,3126,16.438000000000002
Clupea pallasii,16.4,3127,17.881
Clupea pallasii,19.1,3250,20.878000000000004
Clupea pallasii,14.1,3078,15.328000000000001
Clupea pallasii,14.7,3079,15.994
Clupea pallasii,16.9,3080,18.436
Clupea pallasii,30.8,3027,33.865
Clupea pallasii,13.4,2218,14.551000000000002
Clupea pallasii,14.2,2219,15.439
Clupea pallasii,14.2,2220,15.439
Clupea pallasii,19.5,3111,21.322000000000003
Clupea pallasii,15.4,3112,16.771
Clupea pallasii,15.1,3033,16.438000000000002
Clupea pallasii,19,3114,20.767000000000003
Clupea pallasii,18.1,3251,19.768000000000004
Clupea pallasii,19,3252,20.767000000000003
Clupea pallasii,20.7,3253,22.654
Clupea pallasii,19.9,3254,21.766
Clupea pallasii,15,3119,16.327
Clupea pallasii,14.5,3120,15.772000000000002
Clupea pallasii,14.9,3121,16.216
Clupea pallasii,19.2,3123,20.989
Clupea pallasii,16.1,3124,17.548000000000002
Clupea pallasii,19.8,3193,21.655
Clupea pallasii,18.6,3116,20.323000000000004
Clupea pallasii,14.2,3117,15.439
Clupea pallasii,16,3118,17.437
Clupea pallasii,20.7,3173,22.654
Clupea pallasii,19.8,3198,21.655
Clupea pallasii,18,3199,19.657
Clupea pallasii,15.7,3109,17.104
Clupea pallasii,15.2,3110,16.549
Clupea pallasii,18.6,3172,20.323000000000004
Clupea pallasii,20.1,3170,21.988000000000003
Clupea pallasii,18.6,3171,20.323000000000004
Clupea pallasii,19.3,3200,21.1
Clupea pallasii,19,3196,20.767000000000003
Clupea pallasii,17.3,3195,18.880000000000003
Clupea pallasii,19.1,3113,20.878000000000004
Clupea pallasii,17,3115,18.547
Clupea pallasii,19.5,3197,21.322000000000003
Engraulis mordax,13.1,2306,14.187299999999999
Engraulis mordax,11.3,2199,12.2379
Engraulis mordax,15.7,3128,17.0031
Engraulis mordax,15.6,3258,16.8948
Engraulis mordax,16.2,2197,17.5446
Engraulis mordax,13.1,2198,14.187299999999999
Oncorhynchus tshawytscha,41.2,2042,42.60080000000001
Oncorhynchus tshawytscha,45.7,2041,47.253800000000005
Oncorhynchus tshawytscha,44.6,1674,46.116400000000006
Oncorhynchus tshawytscha,43.8,3023,45.2892
Oncorhynchus tshawytscha,49.6,1673,51.2864
Oncorhynchus tshawytscha,48,3026,49.632000000000005
Oncorhynchus tshawytscha,46.3,2610,47.8742
Oncorhynchus tshawytscha,44,1676,45.496
Oncorhynchus tshawytscha,39.9,1677,41.2566
Oncorhynchus tshawytscha,43.2,2034,44.668800000000005
Oncorhynchus tshawytscha,29.8,2043,30.813200000000002
Oncorhynchus tshawytscha,42.1,2040,43.531400000000005
Oncorhynchus tshawytscha,37.2,1672,38.464800000000004
Oncorhynchus tshawytscha,42.8,3269,44.255199999999995
Oncorhynchus tshawytscha,21.8,2617,22.5412
Oncorhynchus tshawytscha,35,1675,36.19
Oncorhynchus tshawytscha,36.5,3268,37.741
Oncorhynchus tshawytscha,45,2611,46.53
Oncorhynchus tshawytscha,24.7,3270,25.5398
Oncorhynchus tshawytscha,31.1,1680,32.1574
Oncorhynchus tshawytscha,54.1,2038,55.939400000000006
Oncorhynchus tshawytscha,50,1671,51.7
Oncorhynchus tshawytscha,40,3139,41.36
Oncorhynchus tshawytscha,42.9,2615,44.3586
Oncorhynchus tshawytscha,45.6,3022,47.150400000000005
Oncorhynchus tshawytscha,44.8,3024,46.3232
Oncorhynchus tshawytscha,41.4,1041,42.8076
Oncorhynchus tshawytscha,24.1,2039,24.919400000000003
Oncorhynchus tshawytscha,40,1678,41.36
Oncorhynchus tshawytscha,37.9,1679,39.1886
Oncorhynchus tshawytscha,34.8,3272,35.9832
Oncorhynchus tshawytscha,39.7,2035,41.049800000000005
Oncorhynchus tshawytscha,33.5,2036,34.639
Oncorhynchus tshawytscha,42.1,2037,43.531400000000005
Oncorhynchus tshawytscha,21.5,2211,22.231
Oncorhynchus tshawytscha,35.8,3153,37.017199999999995
Oncorhynchus tshawytscha,50.5,3025,52.217
Oncorhynchus tshawytscha,41.9,2616,43.3246
Oncorhynchus tshawytscha,41.8,1362,43.221199999999996
Oncorhynchus tshawytscha,39.2,3144,40.5328
Oncorhynchus tshawytscha,28.2,3273,29.1588
Oncorhynchus tshawytscha,38.9,3147,40.2226
Oncorhynchus tshawytscha,25.1,3271,25.953400000000002
Oncorhynchus tshawytscha,40.8,3134,42.1872
Oncorhynchus tshawytscha,43.5,3137,44.979
Oncorhynchus tshawytscha,38.9,2613,40.2226
Oncorhynchus tshawytscha,35.2,2614,36.396800000000006
Oncorhynchus tshawytscha,57.2,1670,59.144800000000004
Oncorhynchus tshawytscha,34.8,3142,35.9832
Oncorhynchus tshawytscha,44.2,3145,45.7028
Oncorhynchus tshawytscha,41.9,3140,43.3246
Oncorhynchus tshawytscha,35.6,3141,36.8104
Oncorhynchus tshawytscha,40.8,3148,42.1872
Oncorhynchus tshawytscha,42.8,3136,44.255199999999995
Oncorhynchus tshawytscha,66.9,1040,69.17460000000001
Oncorhynchus tshawytscha,34.1,3133,35.2594
Oncorhynchus tshawytscha,38.1,3138,39.3954
Oncorhynchus tshawytscha,37.6,3152,38.8784
Oncorhynchus tshawytscha,47.7,1681,49.3218
Oncorhynchus tshawytscha,42,1669,43.428000000000004
Oncorhynchus tshawytscha,32,3146,33.088
Oncorhynchus tshawytscha,21.8,3151,22.5412
Oncorhynchus tshawytscha,49.2,3143,50.872800000000005
Oncorhynchus tshawytscha,42.5,3150,43.945
Oncorhynchus tshawytscha,48,1682,49.632000000000005
Oncorhynchus tshawytscha,35.6,3149,36.8104
Oncorhynchus tshawytscha,36.9,3135,38.1546
Oncorhynchus tshawytscha,39,2612,40.326
Mallotus villosus,9.2,261,10.338999999999999
Oncorhynchus gorbuscha,15.1,2414,15.5228
Oncorhynchus gorbuscha,18.5,2332,19.018
Oncorhynchus gorbuscha,14,2334,14.392
Oncorhynchus gorbuscha,14,2372,14.392
Oncorhynchus gorbuscha,13,2358,13.364
Oncorhynchus gorbuscha,13.6,2373,13.9808
Oncorhynchus gorbuscha,15,2367,15.42
Oncorhynchus gorbuscha,14.5,2371,14.906
Oncorhynchus gorbuscha,13.3,2417,13.672400000000001
Oncorhynchus gorbuscha,13.1,2364,13.4668
Oncorhynchus gorbuscha,14.7,2408,15.1116
Oncorhynchus gorbuscha,12.1,2366,12.4388
Oncorhynchus gorbuscha,14.9,2368,15.317200000000001
Oncorhynchus gorbuscha,16.4,2331,16.859199999999998
Oncorhynchus gorbuscha,14.4,2369,14.8032
Oncorhynchus gorbuscha,12,2333,12.336
Oncorhynchus gorbuscha,13.5,2410,13.878
Oncorhynchus gorbuscha,12.6,2411,12.9528
Oncorhynchus gorbuscha,14.5,2359,14.906
Oncorhynchus gorbuscha,15.5,2335,15.934000000000001
Oncorhynchus gorbuscha,15.6,2336,16.0368
Oncorhynchus gorbuscha,13.3,2416,13.672400000000001
Oncorhynchus gorbuscha,13.3,2418,13.672400000000001
Oncorhynchus gorbuscha,14.1,2365,14.4948
Oncorhynchus gorbuscha,13.3,2405,13.672400000000001
Oncorhynchus gorbuscha,12,2407,12.336
Oncorhynchus gorbuscha,13.7,2352,14.083599999999999
Oncorhynchus gorbuscha,13.6,2423,13.9808
Oncorhynchus gorbuscha,13.2,2370,13.5696
Oncorhynchus gorbuscha,16.7,2356,17.1676
Oncorhynchus gorbuscha,13,2357,13.364
Oncorhynchus gorbuscha,14,2412,14.392
Oncorhynchus gorbuscha,14.2,2413,14.5976
Oncorhynchus gorbuscha,12.6,2415,12.9528
Oncorhynchus gorbuscha,13.6,2361,13.9808
Oncorhynchus gorbuscha,13.2,2375,13.5696
Oncorhynchus gorbuscha,11.6,2404,11.9248
Oncorhynchus gorbuscha,13.2,2338,13.5696
Oncorhynchus gorbuscha,12.6,2406,12.9528
Oncorhynchus gorbuscha,19.2,2422,19.7376
Oncorhynchus gorbuscha,13.9,2350,14.289200000000001
Oncorhynchus gorbuscha,14,2409,14.392
Oncorhynchus gorbuscha,14,2425,14.392
Oncorhynchus gorbuscha,14.6,2426,15.0088
Oncorhynchus gorbuscha,13.1,2396,13.4668
Oncorhynchus gorbuscha,14.6,2399,15.0088
Oncorhynchus gorbuscha,14.1,2360,14.4948
Oncorhynchus gorbuscha,16,2,16.448
Oncorhynchus gorbuscha,12,2362,12.336
Oncorhynchus gorbuscha,12,2337,12.336
Oncorhynchus gorbuscha,13.9,2376,14.289200000000001
Oncorhynchus gorbuscha,12.8,2403,13.1584
Oncorhynchus gorbuscha,14.4,2386,14.8032
Oncorhynchus gorbuscha,13.6,2419,13.9808
Oncorhynchus gorbuscha,13.9,2353,14.289200000000001
Oncorhynchus gorbuscha,12.8,2354,13.1584
Oncorhynchus gorbuscha,15.2,2355,15.6256
Oncorhynchus gorbuscha,15.6,2393,16.0368
Oncorhynchus gorbuscha,14.4,2429,14.8032
Oncorhynchus gorbuscha,13.6,2397,13.9808
Oncorhynchus gorbuscha,17.3,2400,17.7844
Oncorhynchus gorbuscha,13,2374,13.364
Oncorhynchus gorbuscha,14.2,2402,14.5976
Oncorhynchus gorbuscha,13.4,2363,13.7752
Oncorhynchus gorbuscha,14.4,2377,14.8032
Oncorhynchus gorbuscha,11.4,2385,11.7192
Oncorhynchus gorbuscha,15.5,2349,15.934000000000001
Oncorhynchus gorbuscha,14.1,2420,14.4948
Oncorhynchus gorbuscha,19.1,2424,19.634800000000002
Oncorhynchus gorbuscha,15.5,2342,15.934000000000001
Oncorhynchus gorbuscha,13,2343,13.364
Oncorhynchus gorbuscha,12.6,2394,12.9528
Oncorhynchus gorbuscha,14,2344,14.392
Oncorhynchus gorbuscha,17.7,2427,18.1956
Oncorhynchus gorbuscha,12.6,2401,12.9528
Oncorhynchus gorbuscha,17.1,3,17.5788
Oncorhynchus gorbuscha,16,4,16.448
Oncorhynchus gorbuscha,12.6,2348,12.9528
Oncorhynchus gorbuscha,12.1,2391,12.4388
Oncorhynchus gorbuscha,16.1,2387,16.550800000000002
Oncorhynchus gorbuscha,13.1,2389,13.4668
Oncorhynchus gorbuscha,14.1,2351,14.4948
Oncorhynchus gorbuscha,14,2395,14.392
Oncorhynchus gorbuscha,16.6,2392,17.0648
Oncorhynchus gorbuscha,14,2379,14.392
Oncorhynchus gorbuscha,14.2,2380,14.5976
Oncorhynchus gorbuscha,12.8,2347,13.1584
Oncorhynchus gorbuscha,15.5,2428,15.934000000000001
Oncorhynchus gorbuscha,13.6,2346,13.9808
Oncorhynchus gorbuscha,12.4,2430,12.747200000000001
Oncorhynchus gorbuscha,12.6,2339,12.9528
Oncorhynchus gorbuscha,12.5,2421,12.85
Oncorhynchus gorbuscha,19.9,2341,20.4572
Oncorhynchus gorbuscha,14.1,2388,14.4948
Oncorhynchus gorbuscha,14,2383,14.392
Oncorhynchus gorbuscha,13.6,2381,13.9808
Oncorhynchus gorbuscha,14.2,2398,14.5976
Oncorhynchus gorbuscha,15.6,2378,16.0368
Oncorhynchus gorbuscha,13,2384,13.364
Oncorhynchus gorbuscha,12.5,2390,12.85
Oncorhynchus gorbuscha,12.6,2382,12.9528
Oncorhynchus gorbuscha,14.2,2340,14.5976
Oncorhynchus gorbuscha,13.2,2345,13.5696
Oncorhynchus kisutch,63.1,250,68.37292000000001
Oncorhynchus kisutch,19.8,2215,21.51366
Oncorhynchus kisutch,15.8,2216,17.18486
Oncorhynchus kisutch,19.5,2212,21.189
Oncorhynchus kisutch,14.7,806,15.99444
Oncorhynchus kisutch,25.5,3277,27.682199999999998
Oncorhynchus kisutch,66,3154,71.5113
Oncorhynchus kisutch,25.3,3276,27.46576
Oncorhynchus kisutch,13.5,2217,14.6958
Oncorhynchus kisutch,16.2,2214,17.617739999999998
Oncorhynchus kisutch,26.1,3275,28.33152
Oncorhynchus kisutch,16.8,2213,18.26706
Oncorhynchus kisutch,23.5,3274,25.5178
Oncorhynchus nerka,56.5,1997,61.21343445287107
Oncorhynchus nerka,63,1985,68.25568797399784
Oncorhynchus nerka,60.4,1999,65.43878656554712
Oncorhynchus nerka,60.8,2023,65.87215601300107
Oncorhynchus nerka,56.8,2001,61.53846153846153
Oncorhynchus nerka,58.8,2021,63.705308775731304
Oncorhynchus nerka,58.5,1996,63.38028169014084
Oncorhynchus nerka,57.5,2000,62.29685807150596
Oncorhynchus nerka,57.5,2031,62.29685807150596
Oncorhynchus nerka,58.2,1998,63.05525460455038
Oncorhynchus nerka,59.9,1986,64.89707475622969
Oncorhynchus nerka,57.2,1983,61.971830985915496
Oncorhynchus nerka,56,2022,60.67172264355363
Oncorhynchus nerka,60,2024,65.00541711809318
Oncorhynchus nerka,62.3,1990,67.4972914409534
Oncorhynchus nerka,58.3,1987,63.16359696641386
Oncorhynchus nerka,58.9,1988,63.813651137594796
Oncorhynchus nerka,56.2,1989,60.88840736728061
Oncorhynchus nerka,64.7,1982,70.09750812567714
Oncorhynchus nerka,56.9,2020,61.646803900325025
Oncorhynchus nerka,59.9,1980,64.89707475622969
Oncorhynchus nerka,60,1967,65.00541711809318
Oncorhynchus nerka,59.9,1981,64.89707475622969
Oncorhynchus nerka,58.9,2010,63.813651137594796
Oncorhynchus nerka,58.4,2002,63.271939328277355
Oncorhynchus nerka,58.5,2026,63.38028169014084
Oncorhynchus nerka,63.2,2027,68.47237269772481
Oncorhynchus nerka,59.9,2028,64.89707475622969
Oncorhynchus nerka,58.3,2032,63.16359696641386
Oncorhynchus nerka,58.6,1991,63.48862405200433
Oncorhynchus nerka,57.2,1984,61.971830985915496
Oncorhynchus nerka,57.9,1994,62.73022751895991
Oncorhynchus nerka,59.9,2033,64.89707475622969
Oncorhynchus nerka,58,1995,62.8385698808234
Oncorhynchus nerka,60.5,2005,65.54712892741061
Oncorhynchus nerka,57.5,1968,62.29685807150596
Oncorhynchus nerka,64,2003,69.33911159263272
Oncorhynchus nerka,60.5,2025,65.54712892741061
Oncorhynchus nerka,59.6,2012,64.57204767063922
Oncorhynchus nerka,58.6,1993,63.48862405200433
Oncorhynchus nerka,55.5,2029,60.13001083423618
Oncorhynchus nerka,58,2004,62.8385698808234
Oncorhynchus nerka,59.5,1992,64.46370530877573
Oncorhynchus nerka,58.3,3267,63.16359696641386
Oncorhynchus nerka,57,1966,61.75514626218851
Oncorhynchus nerka,58.4,1979,63.271939328277355
Oncorhynchus nerka,61.1,3266,66.19718309859155
Oncorhynchus nerka,60,2017,65.00541711809318
Oncorhynchus nerka,59.8,2014,64.78873239436619
Oncorhynchus nerka,63,2011,68.25568797399784
Oncorhynchus nerka,61.8,2016,66.95557963163597
Oncorhynchus nerka,60.7,1969,65.7638136511376
Oncorhynchus nerka,58.5,2006,63.38028169014084
Oncorhynchus nerka,59.6,2015,64.57204767063922
Oncorhynchus nerka,61.9,2007,67.06392199349945
Oncorhynchus nerka,63.5,1974,68.79739978331527
Oncorhynchus nerka,61.5,1970,66.63055254604551
Oncorhynchus nerka,58.4,2019,63.271939328277355
Oncorhynchus nerka,63,2008,68.25568797399784
Oncorhynchus nerka,58.5,1978,63.38028169014084
Oncorhynchus nerka,56.9,2030,61.646803900325025
Oncorhynchus nerka,65.8,2013,71.28927410617551
Oncorhynchus nerka,61,1973,66.08884073672806
Oncorhynchus nerka,62.7,1972,67.93066088840737
Oncorhynchus nerka,62.5,2018,67.71397616468039
Oncorhynchus nerka,56.6,1977,61.32177681473456
Oncorhynchus nerka,57.1,2009,61.863488624052
Oncorhynchus nerka,57.6,1971,62.405200433369444
Oncorhynchus nerka,59.5,1975,64.46370530877573
Oncorhynchus nerka,61.7,1976,66.84723726977248
Thaleichthys pacificus,16.5,387,18.238000000000003
Thaleichthys pacificus,14.9,31,16.5132
Thaleichthys pacificus,14.6,26,16.1898
Thaleichthys pacificus,14.6,25,16.1898
Thaleichthys pacificus,10.9,384,12.201200000000002
Thaleichthys pacificus,18.2,388,20.070600000000002
Thaleichthys pacificus,19.4,386,21.3642
Thaleichthys pacificus,17.5,389,19.316000000000003
Thaleichthys pacificus,14.1,30,15.6508
Thaleichthys pacificus,9,2580,10.153
Thaleichthys pacificus,16.5,379,18.238000000000003
Thaleichthys pacificus,9.3,677,10.476400000000002
Thaleichthys pacificus,9.8,2579,11.015400000000001
Thaleichthys pacificus,18.1,22,19.962800000000005
Thaleichthys pacificus,17.8,385,19.639400000000002
Thaleichthys pacificus,13.3,1233,14.788400000000003
Thaleichthys pacificus,14.4,1234,15.974200000000002
Thaleichthys pacificus,12.4,1228,13.818200000000001
Thaleichthys pacificus,10.9,378,12.201200000000002
Thaleichthys pacificus,18,394,19.855
Thaleichthys pacificus,17.7,418,19.5316
Thaleichthys pacificus,15,419,16.621000000000002
Thaleichthys pacificus,18.4,420,20.2862
Thaleichthys pacificus,12.2,1232,13.6026
Thaleichthys pacificus,18,422,19.855
Thaleichthys pacificus,17.4,423,19.2082
Thaleichthys pacificus,17,424,18.777
Thaleichthys pacificus,14.7,27,16.2976
Thaleichthys pacificus,14.6,28,16.1898
Thaleichthys pacificus,12.9,1227,14.357200000000002
Thaleichthys pacificus,15.2,29,16.8366
Thaleichthys pacificus,16.1,377,17.806800000000003
Thaleichthys pacificus,19.3,417,21.256400000000003
Thaleichthys pacificus,10,2577,11.231000000000002
Thaleichthys pacificus,9.6,2578,10.799800000000001
Thaleichthys pacificus,13.8,433,15.327400000000003
Thaleichthys pacificus,14.2,678,15.758600000000001
Thaleichthys pacificus,15.9,395,17.5912
Thaleichthys pacificus,7.9,680,8.967200000000002
Thaleichthys pacificus,13.2,1224,14.6806
Thaleichthys pacificus,13.6,1235,15.1118
Thaleichthys pacificus,14.2,1226,15.758600000000001
Thaleichthys pacificus,16.5,390,18.238000000000003
Thaleichthys pacificus,16.7,375,18.4536
Thaleichthys pacificus,16,392,17.699
Thaleichthys pacificus,14.9,393,16.5132
Thaleichthys pacificus,13.2,822,14.6806
Thaleichthys pacificus,15.7,823,17.375600000000002
Thaleichthys pacificus,8.7,824,9.829600000000001
Thaleichthys pacificus,14.2,825,15.758600000000001
Thaleichthys pacificus,16.4,421,18.1302
Thaleichthys pacificus,13.5,827,15.004000000000001
Thaleichthys pacificus,16.2,828,17.9146
Thaleichthys pacificus,18.5,373,20.394000000000002
Thaleichthys pacificus,8,23,9.075000000000001
Thaleichthys pacificus,16.2,374,17.9146
Thaleichthys pacificus,13.5,1237,15.004000000000001
Thaleichthys pacificus,16.5,376,18.238000000000003
Thaleichthys pacificus,15.5,416,17.16
Thaleichthys pacificus,9,2576,10.153
Thaleichthys pacificus,8.5,2537,9.614
Thaleichthys pacificus,11.5,2538,12.848
Thaleichthys pacificus,10.8,2539,12.093400000000003
Thaleichthys pacificus,12.8,2540,14.249400000000001
Thaleichthys pacificus,12.8,679,14.249400000000001
Thaleichthys pacificus,11.7,2542,13.063600000000001
Thaleichthys pacificus,15.4,829,17.052200000000003
Thaleichthys pacificus,13.4,1225,14.896200000000002
Thaleichthys pacificus,13,1236,14.465000000000002
Thaleichthys pacificus,11.8,2547,13.171400000000002
Thaleichthys pacificus,16.9,391,18.6692
Thaleichthys pacificus,9.6,2575,10.799800000000001
Thaleichthys pacificus,11.3,2550,12.632400000000002
Thaleichthys pacificus,11.9,2551,13.279200000000001
Thaleichthys pacificus,10.5,2553,11.770000000000001
Thaleichthys pacificus,10.8,2554,12.093400000000003
Thaleichthys pacificus,11.6,2555,12.955800000000002
Thaleichthys pacificus,9.6,2556,10.799800000000001
Thaleichthys pacificus,10.2,2557,11.4466
Thaleichthys pacificus,11,2558,12.309000000000001
Thaleichthys pacificus,13,709,14.465000000000002
Thaleichthys pacificus,12.5,1223,13.926000000000002
Thaleichthys pacificus,18.5,413,20.394000000000002
Thaleichthys pacificus,16.1,414,17.806800000000003
Thaleichthys pacificus,16.6,415,18.345800000000004
Thaleichthys pacificus,8.5,860,9.614
Thaleichthys pacificus,13,861,14.465000000000002
Thaleichthys pacificus,12.9,862,14.357200000000002
Thaleichthys pacificus,15.2,863,16.8366
Thaleichthys pacificus,13.2,1229,14.6806
Thaleichthys pacificus,13.1,1230,14.5728
Thaleichthys pacificus,12.6,1231,14.033800000000001
Thaleichthys pacificus,11.5,1354,12.848
Thaleichthys pacificus,14.4,1222,15.974200000000002
Thaleichthys pacificus,12.8,1356,14.249400000000001
Thaleichthys pacificus,14.4,1357,15.974200000000002
Thaleichthys pacificus,9.2,2571,10.3686
Thaleichthys pacificus,13.6,24,15.1118
Thaleichthys pacificus,10.1,2573,11.3388
Thaleichthys pacificus,8.1,2574,9.1828
Thaleichthys pacificus,12.9,874,14.357200000000002
Thaleichthys pacificus,15.3,875,16.9444
Thaleichthys pacificus,14.1,876,15.6508
Thaleichthys pacificus,12,877,13.387
Thaleichthys pacificus,13.6,878,15.1118
Thaleichthys pacificus,15.9,879,17.5912
Thaleichthys pacificus,14,1355,15.543000000000001
Thaleichthys pacificus,13.5,2545,15.004000000000001
Thaleichthys pacificus,13,2546,14.465000000000002
Thaleichthys pacificus,10.6,1330,11.8778
Thaleichthys pacificus,11.6,1331,12.955800000000002
Thaleichthys pacificus,12.8,2549,14.249400000000001
Thaleichthys pacificus,17.6,1213,19.423800000000004
Thaleichthys pacificus,17.3,1214,19.100400000000004
Thaleichthys pacificus,11.3,2552,12.632400000000002
Thaleichthys pacificus,18.1,1217,19.962800000000005
Thaleichthys pacificus,12.4,1218,13.818200000000001
Thaleichthys pacificus,15.6,1219,17.2678
Thaleichthys pacificus,12.9,1220,14.357200000000002
Thaleichthys pacificus,13.6,1221,15.1118
Thaleichthys pacificus,9,249,10.153
Thaleichthys pacificus,11.8,1343,13.171400000000002
Thaleichthys pacificus,12.4,1344,13.818200000000001
Thaleichthys pacificus,16.2,858,17.9146
Thaleichthys pacificus,15.7,859,17.375600000000002
Thaleichthys pacificus,14.2,658,15.758600000000001
Thaleichthys pacificus,14.9,659,16.5132
Thaleichthys pacificus,8.5,660,9.614
Thaleichthys pacificus,8.2,661,9.2906
Thaleichthys pacificus,14.4,662,15.974200000000002
Thaleichthys pacificus,13,663,14.465000000000002
Thaleichthys pacificus,13.8,664,15.327400000000003
Thaleichthys pacificus,13,665,14.465000000000002
Thaleichthys pacificus,13,666,14.465000000000002
Thaleichthys pacificus,13.7,667,15.219600000000002
Thaleichthys pacificus,10.7,425,11.9856
Thaleichthys pacificus,16,426,17.699
Thaleichthys pacificus,10.2,2572,11.4466
Thaleichthys pacificus,18,428,19.855
Thaleichthys pacificus,15.6,429,17.2678
Thaleichthys pacificus,17.7,430,19.5316
Thaleichthys pacificus,17.5,431,19.316000000000003
Thaleichthys pacificus,13.4,432,14.896200000000002
Thaleichthys pacificus,16,676,17.699
Thaleichthys pacificus,17,434,18.777
Thaleichthys pacificus,16,435,17.699
Thaleichthys pacificus,16.6,436,18.345800000000004
Thaleichthys pacificus,12.5,2544,13.926000000000002
Thaleichthys pacificus,13.1,1329,14.5728
Thaleichthys pacificus,15.6,399,17.2678
Thaleichthys pacificus,16.1,400,17.806800000000003
Thaleichthys pacificus,11.8,2548,13.171400000000002
Thaleichthys pacificus,11.3,402,12.632400000000002
Thaleichthys pacificus,15.8,403,17.483400000000003
Thaleichthys pacificus,13.5,1215,15.004000000000001
Thaleichthys pacificus,13.2,1216,14.6806
Thaleichthys pacificus,14.2,245,15.758600000000001
Thaleichthys pacificus,10.6,246,11.8778
Thaleichthys pacificus,10.2,247,11.4466
Thaleichthys pacificus,9.8,248,11.015400000000001
Thaleichthys pacificus,15.9,410,17.5912
Thaleichthys pacificus,14.3,411,15.866400000000002
Thaleichthys pacificus,16,412,17.699
Thaleichthys pacificus,11.5,656,12.848
Thaleichthys pacificus,12.1,657,13.494800000000001
Thaleichthys pacificus,15.2,820,16.8366
Thaleichthys pacificus,14.8,821,16.4054
Thaleichthys pacificus,12.1,700,13.494800000000001
Thaleichthys pacificus,15.7,701,17.375600000000002
Thaleichthys pacificus,8.7,702,9.829600000000001
Thaleichthys pacificus,14,703,15.543000000000001
Thaleichthys pacificus,13.6,826,15.1118
Thaleichthys pacificus,12.5,705,13.926000000000002
Thaleichthys pacificus,9.4,706,10.584200000000001
Thaleichthys pacificus,8.5,707,9.614
Thaleichthys pacificus,12.6,708,14.033800000000001
Thaleichthys pacificus,14.5,465,16.082
Thaleichthys pacificus,12.8,710,14.249400000000001
Thaleichthys pacificus,14.1,711,15.6508
Thaleichthys pacificus,14.2,2534,15.758600000000001
Thaleichthys pacificus,12.8,2535,14.249400000000001
Thaleichthys pacificus,9.4,2536,10.584200000000001
Thaleichthys pacificus,9,715,10.153
Thaleichthys pacificus,9.2,716,10.3686
Thaleichthys pacificus,9.8,717,11.015400000000001
Thaleichthys pacificus,9.6,2541,10.799800000000001
Thaleichthys pacificus,6.8,719,7.7814
Thaleichthys pacificus,12.3,2543,13.710400000000002
Thaleichthys pacificus,10.2,721,11.4466
Thaleichthys pacificus,8.7,722,9.829600000000001
Thaleichthys pacificus,8.2,723,9.2906
Thaleichthys pacificus,7.2,724,8.2126
Thaleichthys pacificus,10.1,845,11.3388
Thaleichthys pacificus,8,846,9.075000000000001
Thaleichthys pacificus,9.5,847,10.692000000000002
Thaleichthys pacificus,9,848,10.153
Thaleichthys pacificus,13,849,14.465000000000002
Thaleichthys pacificus,13.9,850,15.435200000000002
Thaleichthys pacificus,15.8,851,17.483400000000003
Thaleichthys pacificus,14.1,852,15.6508
Thaleichthys pacificus,14.6,853,16.1898
Thaleichthys pacificus,16.2,854,17.9146
Thaleichthys pacificus,13.1,855,14.5728
Thaleichthys pacificus,13.5,856,15.004000000000001
Thaleichthys pacificus,13.5,857,15.004000000000001
Thaleichthys pacificus,12.2,2559,13.6026
Thaleichthys pacificus,10.4,2560,11.662200000000002
Thaleichthys pacificus,10.5,2561,11.770000000000001
Thaleichthys pacificus,9.2,2562,10.3686
Thaleichthys pacificus,9,2563,10.153
Thaleichthys pacificus,8.6,2564,9.7218
Thaleichthys pacificus,15.8,380,17.483400000000003
Thaleichthys pacificus,17.5,381,19.316000000000003
Thaleichthys pacificus,14.9,382,16.5132
Thaleichthys pacificus,16.4,383,18.1302
Thaleichthys pacificus,9.2,2569,10.3686
Thaleichthys pacificus,10.6,2570,11.8778
Thaleichthys pacificus,14.1,870,15.6508
Thaleichthys pacificus,13.4,871,14.896200000000002
Thaleichthys pacificus,14.6,872,16.1898
Thaleichthys pacificus,14.2,873,15.758600000000001
Thaleichthys pacificus,15.1,1644,16.7288
Thaleichthys pacificus,13.4,1238,14.896200000000002
Thaleichthys pacificus,13.2,1239,14.6806
Thaleichthys pacificus,11.9,1240,13.279200000000001
Thaleichthys pacificus,13.8,1241,15.327400000000003
Thaleichthys pacificus,18.5,1242,20.394000000000002
Thaleichthys pacificus,15,1243,16.621000000000002
Thaleichthys pacificus,15.9,396,17.5912
Thaleichthys pacificus,16.6,397,18.345800000000004
Thaleichthys pacificus,16.8,398,18.561400000000003
Thaleichthys pacificus,10.2,2584,11.4466
Thaleichthys pacificus,15.9,401,17.5912
Thaleichthys pacificus,11.1,2586,12.4168
Thaleichthys pacificus,8.9,2587,10.045200000000001
Thaleichthys pacificus,17.7,404,19.5316
Thaleichthys pacificus,18.4,405,20.2862
Thaleichthys pacificus,15.9,406,17.5912
Thaleichthys pacificus,15.5,407,17.16
Thaleichthys pacificus,11.8,408,13.171400000000002
Thaleichthys pacificus,16.1,409,17.806800000000003
Thaleichthys pacificus,9.6,2594,10.799800000000001
Thaleichthys pacificus,10,2595,11.231000000000002
Thaleichthys pacificus,8.4,2596,9.506200000000002
Thaleichthys pacificus,8.4,2597,9.506200000000002
Thaleichthys pacificus,10.5,2598,11.770000000000001
Thaleichthys pacificus,8.4,2599,9.506200000000002
Thaleichthys pacificus,8.8,2600,9.937400000000002
Thaleichthys pacificus,9.5,2601,10.692000000000002
Thaleichthys pacificus,8,2602,9.075000000000001
Thaleichthys pacificus,15,903,16.621000000000002
Thaleichthys pacificus,15.3,904,16.9444
Thaleichthys pacificus,13.9,905,15.435200000000002
Thaleichthys pacificus,14,906,15.543000000000001
Thaleichthys pacificus,13.7,907,15.219600000000002
Thaleichthys pacificus,15.2,908,16.8366
Thaleichthys pacificus,12,909,13.387
Thaleichthys pacificus,7.1,910,8.104800000000001
Thaleichthys pacificus,19,427,20.933000000000003
Thaleichthys pacificus,7.4,912,8.4282
Thaleichthys pacificus,12.2,913,13.6026
Thaleichthys pacificus,16.8,469,18.561400000000003
Thaleichthys pacificus,16.9,1645,18.6692
Thaleichthys pacificus,13.5,1280,15.004000000000001
Thaleichthys pacificus,14.3,1281,15.866400000000002
Thaleichthys pacificus,11.5,675,12.848
Thaleichthys pacificus,13.6,1282,15.1118
Thaleichthys pacificus,11.4,1283,12.740200000000002
Thaleichthys pacificus,16.2,437,17.9146
Thaleichthys pacificus,17.6,438,19.423800000000004
Thaleichthys pacificus,17,439,18.777
Thaleichthys pacificus,17.7,440,19.5316
Thaleichthys pacificus,18.2,441,20.070600000000002
Thaleichthys pacificus,16,442,17.699
Thaleichthys pacificus,14.5,443,16.082
Thaleichthys pacificus,14.2,444,15.758600000000001
Thaleichthys pacificus,15.9,445,17.5912
Thaleichthys pacificus,16.5,446,18.238000000000003
Thaleichthys pacificus,17.6,447,19.423800000000004
Thaleichthys pacificus,16.5,448,18.238000000000003
Thaleichthys pacificus,15.6,814,17.2678
Thaleichthys pacificus,14.8,815,16.4054
Thaleichthys pacificus,14.9,816,16.5132
Thaleichthys pacificus,14.6,817,16.1898
Thaleichthys pacificus,15.1,818,16.7288
Thaleichthys pacificus,14.4,819,15.974200000000002
Thaleichthys pacificus,13.3,698,14.788400000000003
Thaleichthys pacificus,10.7,699,11.9856
Thaleichthys pacificus,18.3,456,20.178400000000003
Thaleichthys pacificus,17.4,457,19.2082
Thaleichthys pacificus,17,458,18.777
Thaleichthys pacificus,19.2,459,21.148600000000002
Thaleichthys pacificus,16,704,17.699
Thaleichthys pacificus,17.7,461,19.5316
Thaleichthys pacificus,18.5,462,20.394000000000002
Thaleichthys pacificus,15,463,16.621000000000002
Thaleichthys pacificus,13.3,464,14.788400000000003
Thaleichthys pacificus,12.5,1314,13.926000000000002
Thaleichthys pacificus,17.9,466,19.7472
Thaleichthys pacificus,14.5,467,16.082
Thaleichthys pacificus,17.2,468,18.9926
Thaleichthys pacificus,7.6,670,8.6438
Thaleichthys pacificus,14.2,470,15.758600000000001
Thaleichthys pacificus,16.1,471,17.806800000000003
Thaleichthys pacificus,18,472,19.855
Thaleichthys pacificus,19.6,473,21.579800000000002
Thaleichthys pacificus,9.1,718,10.260800000000001
Thaleichthys pacificus,14.6,840,16.1898
Thaleichthys pacificus,7.9,720,8.967200000000002
Thaleichthys pacificus,14,841,15.543000000000001
Thaleichthys pacificus,13.7,842,15.219600000000002
Thaleichthys pacificus,13.2,843,14.6806
Thaleichthys pacificus,15,844,16.621000000000002
Thaleichthys pacificus,11.1,2585,12.4168
Thaleichthys pacificus,14.2,886,15.758600000000001
Thaleichthys pacificus,13,1332,14.465000000000002
Thaleichthys pacificus,13.8,1333,15.327400000000003
Thaleichthys pacificus,13.9,1334,15.435200000000002
Thaleichthys pacificus,12.3,1336,13.710400000000002
Thaleichthys pacificus,14.6,244,16.1898
Thaleichthys pacificus,13.6,1338,15.1118
Thaleichthys pacificus,14.5,1339,16.082
Thaleichthys pacificus,12.1,1340,13.494800000000001
Thaleichthys pacificus,13.5,1341,15.004000000000001
Thaleichthys pacificus,11.5,1342,12.848
Thaleichthys pacificus,13.4,897,14.896200000000002
Thaleichthys pacificus,13.2,898,14.6806
Thaleichthys pacificus,11,1345,12.309000000000001
Thaleichthys pacificus,12.9,1346,14.357200000000002
Thaleichthys pacificus,13.8,1347,15.327400000000003
Thaleichthys pacificus,12.2,1348,13.6026
Thaleichthys pacificus,13.1,1349,14.5728
Thaleichthys pacificus,15.3,864,16.9444
Thaleichthys pacificus,15.6,865,17.2678
Thaleichthys pacificus,12,866,13.387
Thaleichthys pacificus,12.8,867,14.249400000000001
Thaleichthys pacificus,8.6,868,9.7218
Thaleichthys pacificus,10,869,11.231000000000002
Thaleichthys pacificus,8.7,2853,9.829600000000001
Thaleichthys pacificus,13.3,668,14.788400000000003
Thaleichthys pacificus,13.2,669,14.6806
Thaleichthys pacificus,13.9,1317,15.435200000000002
Thaleichthys pacificus,7.7,671,8.751600000000002
Thaleichthys pacificus,13,672,14.465000000000002
Thaleichthys pacificus,8.2,673,9.2906
Thaleichthys pacificus,13.8,674,15.327400000000003
Thaleichthys pacificus,11,1322,12.309000000000001
Thaleichthys pacificus,13.5,1323,15.004000000000001
Thaleichthys pacificus,12.1,1324,13.494800000000001
Thaleichthys pacificus,13.8,880,15.327400000000003
Thaleichthys pacificus,8.6,2581,9.7218
Thaleichthys pacificus,10.5,2582,11.770000000000001
Thaleichthys pacificus,9.8,2583,11.015400000000001
Thaleichthys pacificus,8.6,684,9.7218
Thaleichthys pacificus,13.2,685,14.6806
Thaleichthys pacificus,8.4,887,9.506200000000002
Thaleichthys pacificus,9.5,2588,10.692000000000002
Thaleichthys pacificus,10,2589,11.231000000000002
Thaleichthys pacificus,9.5,2590,10.692000000000002
Thaleichthys pacificus,9.8,2591,11.015400000000001
Thaleichthys pacificus,8.2,2592,9.2906
Thaleichthys pacificus,9.4,2593,10.584200000000001
Thaleichthys pacificus,15.8,531,17.483400000000003
Thaleichthys pacificus,15.4,532,17.052200000000003
Thaleichthys pacificus,13.5,896,15.004000000000001
Thaleichthys pacificus,8.3,696,9.398400000000002
Thaleichthys pacificus,7.8,697,8.8594
Thaleichthys pacificus,13.9,899,15.435200000000002
Thaleichthys pacificus,14.5,900,16.082
Thaleichthys pacificus,12.1,901,13.494800000000001
Thaleichthys pacificus,12.9,902,14.357200000000002
Thaleichthys pacificus,12.7,2846,14.1416
Thaleichthys pacificus,11.6,1267,12.955800000000002
Thaleichthys pacificus,14,1268,15.543000000000001
Thaleichthys pacificus,13.5,1269,15.004000000000001
Thaleichthys pacificus,11.9,1270,13.279200000000001
Thaleichthys pacificus,13,1271,14.465000000000002
Thaleichthys pacificus,11,1272,12.309000000000001
Thaleichthys pacificus,13,682,14.465000000000002
Thaleichthys pacificus,14.6,1315,16.1898
Thaleichthys pacificus,132,1316,142.747
Thaleichthys pacificus,8.3,911,9.398400000000002
Thaleichthys pacificus,14,1318,15.543000000000001
Thaleichthys pacificus,12.5,1319,13.926000000000002
Thaleichthys pacificus,13.3,1320,14.788400000000003
Thaleichthys pacificus,11.1,1321,12.4168
Thaleichthys pacificus,14,835,15.543000000000001
Thaleichthys pacificus,12.9,836,14.357200000000002
Thaleichthys pacificus,13,837,14.465000000000002
Thaleichthys pacificus,12.5,1325,13.926000000000002
Thaleichthys pacificus,9.6,681,10.799800000000001
Thaleichthys pacificus,8.3,695,9.398400000000002
Thaleichthys pacificus,8.7,683,9.829600000000001
Thaleichthys pacificus,15,883,16.621000000000002
Thaleichthys pacificus,13.8,884,15.327400000000003
Thaleichthys pacificus,8.5,686,9.614
Thaleichthys pacificus,8.8,687,9.937400000000002
Thaleichthys pacificus,11,688,12.309000000000001
Thaleichthys pacificus,14.9,689,16.5132
Thaleichthys pacificus,12.8,690,14.249400000000001
Thaleichthys pacificus,13.5,691,15.004000000000001
Thaleichthys pacificus,6.6,692,7.565799999999999
Thaleichthys pacificus,13.1,693,14.5728
Thaleichthys pacificus,14.3,694,15.866400000000002
Thaleichthys pacificus,13.1,1313,14.5728
Thaleichthys pacificus,8.4,653,9.506200000000002
Thaleichthys pacificus,8.4,654,9.506200000000002
Thaleichthys pacificus,17.3,454,19.100400000000004
Thaleichthys pacificus,17.2,455,18.9926
Thaleichthys pacificus,14.4,1305,15.974200000000002
Thaleichthys pacificus,12.5,1306,13.926000000000002
Thaleichthys pacificus,11.6,1307,12.955800000000002
Thaleichthys pacificus,14,1308,15.543000000000001
Thaleichthys pacificus,18,460,19.855
Thaleichthys pacificus,12.1,1310,13.494800000000001
Thaleichthys pacificus,14,1311,15.543000000000001
Thaleichthys pacificus,13.9,1312,15.435200000000002
Thaleichthys pacificus,13.1,1326,14.5728
Thaleichthys pacificus,12.7,1327,14.1416
Thaleichthys pacificus,13.9,1273,15.435200000000002
Thaleichthys pacificus,12.1,1274,13.494800000000001
Thaleichthys pacificus,14,830,15.543000000000001
Thaleichthys pacificus,11.4,1276,12.740200000000002
Thaleichthys pacificus,12.9,1277,14.357200000000002
Thaleichthys pacificus,13.8,914,15.327400000000003
Thaleichthys pacificus,13.8,1279,15.327400000000003
Thaleichthys pacificus,12.3,1278,13.710400000000002
Thaleichthys pacificus,11.5,1335,12.848
Thaleichthys pacificus,17.1,649,18.884800000000002
Thaleichthys pacificus,13.4,838,14.896200000000002
Thaleichthys pacificus,14.9,651,16.5132
Thaleichthys pacificus,16,652,17.699
Thaleichthys pacificus,13,1328,14.465000000000002
Thaleichthys pacificus,13,1286,14.465000000000002
Thaleichthys pacificus,13.1,1287,14.5728
Thaleichthys pacificus,13.2,885,14.6806
Thaleichthys pacificus,12.4,1250,13.818200000000001
Thaleichthys pacificus,9.2,888,10.3686
Thaleichthys pacificus,14.2,889,15.758600000000001
Thaleichthys pacificus,12.6,890,14.033800000000001
Thaleichthys pacificus,12,1350,13.387
Thaleichthys pacificus,10.4,1351,11.662200000000002
Thaleichthys pacificus,12.2,1337,13.6026
Thaleichthys pacificus,13.1,1353,14.5728
Thaleichthys pacificus,10.5,2568,11.770000000000001
Thaleichthys pacificus,11.6,451,12.955800000000002
Thaleichthys pacificus,20.9,452,22.9812
Thaleichthys pacificus,8.8,655,9.937400000000002
Thaleichthys pacificus,14,2842,15.543000000000001
Thaleichthys pacificus,9.6,2843,10.799800000000001
Thaleichthys pacificus,13.4,2845,14.896200000000002
Thaleichthys pacificus,14.1,1266,15.6508
Thaleichthys pacificus,14,834,15.543000000000001
Thaleichthys pacificus,23.6,648,25.891800000000003
Thaleichthys pacificus,12.4,1352,13.818200000000001
Thaleichthys pacificus,16.6,650,18.345800000000004
Thaleichthys pacificus,14.2,839,15.758600000000001
Thaleichthys pacificus,14.6,881,16.1898
Thaleichthys pacificus,14.2,882,15.758600000000001
Thaleichthys pacificus,12.8,1245,14.249400000000001
Thaleichthys pacificus,14,1246,15.543000000000001
Thaleichthys pacificus,9.7,831,10.9076
Thaleichthys pacificus,7.2,712,8.2126
Thaleichthys pacificus,8.5,713,9.614
Thaleichthys pacificus,8.5,714,9.614
Thaleichthys pacificus,12.1,1292,13.494800000000001
Thaleichthys pacificus,17.8,1252,19.639400000000002
Thaleichthys pacificus,12.4,1294,13.818200000000001
Thaleichthys pacificus,12.3,1309,13.710400000000002
Thaleichthys pacificus,17.4,449,19.2082
Thaleichthys pacificus,16.8,450,18.561400000000003
Thaleichthys pacificus,15.1,894,16.7288
Thaleichthys pacificus,14.6,895,16.1898
Thaleichthys pacificus,17.6,453,19.423800000000004
Thaleichthys pacificus,11.6,1288,12.955800000000002
Thaleichthys pacificus,12.4,1289,13.818200000000001
Thaleichthys pacificus,11.1,1290,12.4168
Thaleichthys pacificus,13.1,1291,14.5728
Thaleichthys pacificus,12.3,1265,13.710400000000002
Thaleichthys pacificus,8.2,2567,9.2906
Thaleichthys pacificus,13.5,1293,15.004000000000001
Thaleichthys pacificus,13.6,1254,15.1118
Thaleichthys pacificus,9.2,2566,10.3686
Thaleichthys pacificus,16.2,1302,17.9146
Thaleichthys pacificus,13.1,1284,14.5728
Thaleichthys pacificus,11.5,1285,12.848
Thaleichthys pacificus,12.1,1298,13.494800000000001
Thaleichthys pacificus,16,833,17.699
Thaleichthys pacificus,13.7,1303,15.219600000000002
Thaleichthys pacificus,17.3,1304,19.100400000000004
Thaleichthys pacificus,13.6,1264,15.1118
Thaleichthys pacificus,16.3,1295,18.0224
Thaleichthys pacificus,13.4,892,14.896200000000002
Thaleichthys pacificus,13.6,893,15.1118
Thaleichthys pacificus,14.2,1253,15.758600000000001
Thaleichthys pacificus,16.6,1244,18.345800000000004
Thaleichthys pacificus,12.5,1260,13.926000000000002
Thaleichthys pacificus,14.3,1247,15.866400000000002
Thaleichthys pacificus,14.5,1297,16.082
Thaleichthys pacificus,13.3,832,14.788400000000003
Thaleichthys pacificus,13.7,1251,15.219600000000002
Thaleichthys pacificus,14.1,891,15.6508
Thaleichthys pacificus,14.4,1275,15.974200000000002
Thaleichthys pacificus,14.4,1296,15.974200000000002
Thaleichthys pacificus,9,2565,10.153
Thaleichthys pacificus,13.1,1263,14.5728
Thaleichthys pacificus,13.6,1261,15.1118
Thaleichthys pacificus,9.6,1248,10.799800000000001
Thaleichthys pacificus,13.4,1249,14.896200000000002
Thaleichthys pacificus,14.8,1300,16.4054
Thaleichthys pacificus,11.1,1301,12.4168
Thaleichthys pacificus,12.4,1299,13.818200000000001
Thaleichthys pacificus,14.4,1262,15.974200000000002
Thaleichthys pacificus,13.1,1258,14.5728
Thaleichthys pacificus,11.9,1259,13.279200000000001
Oncorhynchus keta,19.6,2309,19.9332
Oncorhynchus keta,16,2323,16.272
Oncorhynchus keta,18.2,2322,18.509399999999996
Oncorhynchus keta,20.4,2308,20.746799999999997
Oncorhynchus keta,15,2313,15.254999999999999
Oncorhynchus keta,21.2,2314,21.560399999999998
Oncorhynchus keta,16,2324,16.272
Oncorhynchus keta,19.5,2325,19.8315
Oncorhynchus keta,20.6,2307,20.9502
Oncorhynchus keta,14.6,2319,14.848199999999999
Oncorhynchus keta,16.5,2310,16.7805
Oncorhynchus keta,18.5,2311,18.8145
Oncorhynchus keta,19.4,2312,19.729799999999997
Oncorhynchus keta,17.1,2320,17.3907
Oncorhynchus keta,17.6,2326,17.8992
Oncorhynchus keta,19,2327,19.322999999999997
Oncorhynchus keta,17.4,2321,17.6958
Oncorhynchus keta,17.4,2330,17.6958
Oncorhynchus keta,18.3,2315,18.6111
Oncorhynchus keta,19.2,2316,19.5264
Oncorhynchus keta,18,2317,18.305999999999997
Oncorhynchus keta,18.5,2318,18.8145
Oncorhynchus keta,15.5,2328,15.763499999999999
Oncorhynchus keta,19.1,2329,19.424699999999998
