kingdom,phylum,class,order,family,genus,species,gbif_query,query,taxo_query_level,higher_taxo_source,worms_query
Animalia,Chordata,Actinopterygii,Clupeiformes,Clupeidae,Clupea,Clupea pallasii,4284072,ASV1,species,gbif,NA
Animalia,Chordata,Actinopterygii,Clupeiformes,Clupeidae,Clupea,Clupea pallasii,4284072,ASV3,species,gbif,NA
Animalia,Chordata,Actinopterygii,Clupeiformes,Clupeidae,Clupea,Clupea pallasii,4284072,ASV19,species,gbif,NA
Animalia,Chordata,Actinopterygii,Clupeiformes,Clupeidae,Clupea,Clupea pallasii,4284072,ASV33,species,gbif,NA
Animalia,Chordata,Actinopterygii,Clupeiformes,Clupeidae,Clupea,Clupea pallasii,4284072,ASV50,species,gbif,NA
Animalia,Chordata,Actinopterygii,Clupeiformes,Clupeidae,Clupea,Clupea pallasii,4284072,ASV51,species,gbif,NA
Animalia,Chordata,Actinopterygii,Clupeiformes,Clupeidae,Clupea,Clupea pallasii,4284072,ASV53,species,gbif,NA
Animalia,Chordata,Actinopterygii,Clupeiformes,Clupeidae,Clupea,Clupea pallasii,4284072,ASV67,species,gbif,NA
Animalia,Chordata,Actinopterygii,Clupeiformes,Clupeidae,Clupea,Clupea pallasii,4284072,ASV70,species,gbif,NA
Animalia,Chordata,Actinopterygii,Clupeiformes,Clupeidae,Clupea,Clupea pallasii,4284072,ASV73,species,gbif,NA
Animalia,Chordata,Actinopterygii,Clupeiformes,Clupeidae,Clupea,Clupea pallasii,4284072,ASV80,species,gbif,NA
Animalia,Chordata,Actinopterygii,Clupeiformes,Clupeidae,Clupea,Clupea pallasii,4284072,ASV107,species,gbif,NA
Animalia,Chordata,Actinopterygii,Clupeiformes,Clupeidae,Clupea,Clupea pallasii,4284072,ASV111,species,gbif,NA
Animalia,Chordata,Actinopterygii,Clupeiformes,Clupeidae,Clupea,Clupea pallasii,4284072,ASV119,species,gbif,NA
Animalia,Chordata,Actinopterygii,Clupeiformes,Clupeidae,Clupea,Clupea pallasii,4284072,ASV129,species,gbif,NA
Animalia,Chordata,Actinopterygii,Clupeiformes,Clupeidae,Clupea,Clupea pallasii,4284072,ASV130,species,gbif,NA
Animalia,Chordata,Actinopterygii,Clupeiformes,Clupeidae,Clupea,Clupea pallasii,4284072,ASV156,species,gbif,NA
Animalia,Chordata,Actinopterygii,Clupeiformes,Clupeidae,Clupea,Clupea pallasii,4284072,ASV158,species,gbif,NA
Animalia,Chordata,Actinopterygii,Clupeiformes,Clupeidae,Clupea,Clupea pallasii,4284072,ASV161,species,gbif,NA
Animalia,Chordata,Actinopterygii,Clupeiformes,Clupeidae,Clupea,Clupea pallasii,4284072,ASV162,species,gbif,NA
Animalia,Chordata,Actinopterygii,Clupeiformes,Clupeidae,Clupea,Clupea pallasii,4284072,ASV164,species,gbif,NA
Animalia,Chordata,Actinopterygii,Clupeiformes,Clupeidae,Clupea,Clupea pallasii,4284072,ASV165,species,gbif,NA
Animalia,Chordata,Actinopterygii,Clupeiformes,Clupeidae,Clupea,Clupea pallasii,4284072,ASV167,species,gbif,NA
Animalia,Chordata,Actinopterygii,Clupeiformes,Clupeidae,Clupea,Clupea pallasii,4284072,ASV168,species,gbif,NA
Animalia,Chordata,Actinopterygii,Clupeiformes,Clupeidae,Clupea,Clupea pallasii,4284072,ASV183,species,gbif,NA
Animalia,Chordata,Actinopterygii,Clupeiformes,Clupeidae,Clupea,Clupea pallasii,4284072,ASV184,species,gbif,NA
Animalia,Chordata,Actinopterygii,Clupeiformes,Clupeidae,Clupea,Clupea pallasii,4284072,ASV190,species,gbif,NA
Animalia,Chordata,Actinopterygii,Clupeiformes,Clupeidae,Clupea,Clupea pallasii,4284072,ASV198,species,gbif,NA
Animalia,Chordata,Actinopterygii,Clupeiformes,Clupeidae,Clupea,Clupea pallasii,4284072,ASV200,species,gbif,NA
Animalia,Chordata,Actinopterygii,Clupeiformes,Clupeidae,Clupea,Clupea pallasii,4284072,ASV201,species,gbif,NA
Animalia,Chordata,Actinopterygii,Clupeiformes,Clupeidae,Clupea,Clupea pallasii,4284072,ASV203,species,gbif,NA
Animalia,Chordata,Actinopterygii,Clupeiformes,Clupeidae,Clupea,Clupea pallasii,4284072,ASV231,species,gbif,NA
Animalia,Chordata,Actinopterygii,Clupeiformes,Clupeidae,Clupea,Clupea pallasii,4284072,ASV253,species,gbif,NA
Animalia,Chordata,Actinopterygii,Clupeiformes,Clupeidae,Clupea,Clupea pallasii,4284072,ASV254,species,gbif,NA
Animalia,Chordata,Actinopterygii,Clupeiformes,Clupeidae,Clupea,Clupea pallasii,4284072,ASV257,species,gbif,NA
Animalia,Chordata,Actinopterygii,Clupeiformes,Clupeidae,Clupea,Clupea pallasii,4284072,ASV259,species,gbif,NA
Animalia,Chordata,Actinopterygii,Clupeiformes,Clupeidae,Clupea,Clupea pallasii,4284072,ASV263,species,gbif,NA
Animalia,Chordata,Actinopterygii,Clupeiformes,Clupeidae,Clupea,Clupea pallasii,4284072,ASV272,species,gbif,NA
Animalia,Chordata,Actinopterygii,Clupeiformes,Clupeidae,Clupea,Clupea pallasii,4284072,ASV273,species,gbif,NA
Animalia,Chordata,Actinopterygii,Clupeiformes,Clupeidae,Clupea,Clupea pallasii,4284072,ASV280,species,gbif,NA
Animalia,Chordata,Actinopterygii,Clupeiformes,Clupeidae,Clupea,Clupea pallasii,4284072,ASV281,species,gbif,NA
Animalia,Chordata,Actinopterygii,Clupeiformes,Clupeidae,Clupea,Clupea pallasii,4284072,ASV285,species,gbif,NA
Animalia,Chordata,Actinopterygii,Clupeiformes,Clupeidae,Clupea,Clupea pallasii,4284072,ASV288,species,gbif,NA
Animalia,Chordata,Actinopterygii,Clupeiformes,Clupeidae,Clupea,Clupea pallasii,4284072,ASV289,species,gbif,NA
Animalia,Chordata,Actinopterygii,Clupeiformes,Clupeidae,Clupea,Clupea pallasii,4284072,ASV291,species,gbif,NA
Animalia,Chordata,Actinopterygii,Clupeiformes,Clupeidae,Clupea,Clupea pallasii,4284072,ASV298,species,gbif,NA
Animalia,Chordata,Actinopterygii,Clupeiformes,Clupeidae,Clupea,Clupea pallasii,4284072,ASV299,species,gbif,NA
Animalia,Chordata,Actinopterygii,Clupeiformes,Clupeidae,Clupea,Clupea pallasii,4284072,ASV317,species,gbif,NA
Animalia,Chordata,Actinopterygii,Clupeiformes,Clupeidae,Clupea,Clupea pallasii,4284072,ASV319,species,gbif,NA
Animalia,Chordata,Actinopterygii,Clupeiformes,Clupeidae,Clupea,Clupea pallasii,4284072,ASV321,species,gbif,NA
Animalia,Chordata,Actinopterygii,Clupeiformes,Clupeidae,Clupea,Clupea pallasii,4284072,ASV327,species,gbif,NA
Animalia,Chordata,Actinopterygii,Clupeiformes,Clupeidae,Clupea,Clupea pallasii,4284072,ASV328,species,gbif,NA
Animalia,Chordata,Actinopterygii,Clupeiformes,Clupeidae,Clupea,Clupea pallasii,4284072,ASV343,species,gbif,NA
Animalia,Chordata,Actinopterygii,Clupeiformes,Clupeidae,Clupea,Clupea pallasii,4284072,ASV348,species,gbif,NA
Animalia,Chordata,Actinopterygii,Clupeiformes,Clupeidae,Clupea,Clupea pallasii,4284072,ASV349,species,gbif,NA
Animalia,Chordata,Actinopterygii,Clupeiformes,Clupeidae,Clupea,Clupea pallasii,4284072,ASV363,species,gbif,NA
Animalia,Chordata,Actinopterygii,Clupeiformes,Clupeidae,Clupea,Clupea pallasii,4284072,ASV369,species,gbif,NA
Animalia,Chordata,Actinopterygii,Clupeiformes,Clupeidae,Clupea,Clupea pallasii,4284072,ASV372,species,gbif,NA
Animalia,Chordata,Actinopterygii,Clupeiformes,Clupeidae,Clupea,Clupea pallasii,4284072,ASV373,species,gbif,NA
Animalia,Chordata,Actinopterygii,Clupeiformes,Clupeidae,Clupea,Clupea pallasii,4284072,ASV380,species,gbif,NA
Animalia,Chordata,Actinopterygii,Clupeiformes,Clupeidae,Clupea,Clupea pallasii,4284072,ASV389,species,gbif,NA
Animalia,Chordata,Actinopterygii,Clupeiformes,Clupeidae,Clupea,Clupea pallasii,4284072,ASV392,species,gbif,NA
Animalia,Chordata,Actinopterygii,Clupeiformes,Clupeidae,Clupea,Clupea pallasii,4284072,ASV400,species,gbif,NA
Animalia,Chordata,Actinopterygii,Clupeiformes,Clupeidae,Clupea,Clupea pallasii,4284072,ASV403,species,gbif,NA
Animalia,Chordata,Actinopterygii,Clupeiformes,Clupeidae,Clupea,Clupea pallasii,4284072,ASV405,species,gbif,NA
Animalia,Chordata,Actinopterygii,Clupeiformes,Clupeidae,Clupea,Clupea pallasii,4284072,ASV407,species,gbif,NA
Animalia,Chordata,Actinopterygii,Clupeiformes,Clupeidae,Clupea,Clupea pallasii,4284072,ASV412,species,gbif,NA
Animalia,Chordata,Actinopterygii,Clupeiformes,Clupeidae,Clupea,Clupea pallasii,4284072,ASV413,species,gbif,NA
Animalia,Chordata,Actinopterygii,Clupeiformes,Clupeidae,Clupea,Clupea pallasii,4284072,ASV415,species,gbif,NA
Animalia,Chordata,Actinopterygii,Clupeiformes,Clupeidae,Clupea,Clupea pallasii,4284072,ASV416,species,gbif,NA
Animalia,Chordata,Actinopterygii,Clupeiformes,Clupeidae,Clupea,Clupea pallasii,4284072,ASV417,species,gbif,NA
Animalia,Chordata,Actinopterygii,Clupeiformes,Clupeidae,Clupea,Clupea pallasii,4284072,ASV418,species,gbif,NA
Animalia,Chordata,Actinopterygii,Clupeiformes,Clupeidae,Clupea,Clupea pallasii,4284072,ASV425,species,gbif,NA
Animalia,Chordata,Actinopterygii,Clupeiformes,Clupeidae,Clupea,Clupea pallasii,4284072,ASV431,species,gbif,NA
Animalia,Chordata,Actinopterygii,Clupeiformes,Clupeidae,Clupea,Clupea pallasii,4284072,ASV448,species,gbif,NA
Animalia,Chordata,Actinopterygii,Clupeiformes,Clupeidae,Clupea,Clupea pallasii,4284072,ASV458,species,gbif,NA
Animalia,Chordata,Actinopterygii,Clupeiformes,Clupeidae,Clupea,Clupea pallasii,4284072,ASV461,species,gbif,NA
Animalia,Chordata,Actinopterygii,Clupeiformes,Clupeidae,Clupea,Clupea pallasii,4284072,ASV468,species,gbif,NA
Animalia,Chordata,Actinopterygii,Clupeiformes,Clupeidae,Clupea,Clupea pallasii,4284072,ASV470,species,gbif,NA
Animalia,Chordata,Actinopterygii,Clupeiformes,Clupeidae,Clupea,Clupea pallasii,4284072,ASV482,species,gbif,NA
Animalia,Chordata,Actinopterygii,Clupeiformes,Clupeidae,Clupea,Clupea pallasii,4284072,ASV483,species,gbif,NA
Animalia,Chordata,Actinopterygii,Clupeiformes,Clupeidae,Clupea,Clupea pallasii,4284072,ASV503,species,gbif,NA
Animalia,Chordata,Actinopterygii,Clupeiformes,Clupeidae,Clupea,Clupea pallasii,4284072,ASV505,species,gbif,NA
Animalia,Chordata,Actinopterygii,Clupeiformes,Clupeidae,Clupea,Clupea pallasii,4284072,ASV515,species,gbif,NA
Animalia,Chordata,Actinopterygii,Clupeiformes,Clupeidae,Clupea,Clupea pallasii,4284072,ASV530,species,gbif,NA
Animalia,Chordata,Actinopterygii,Clupeiformes,Clupeidae,Clupea,Clupea pallasii,4284072,ASV545,species,gbif,NA
Animalia,Chordata,Actinopterygii,Clupeiformes,Clupeidae,Clupea,Clupea pallasii,4284072,ASV572,species,gbif,NA
Animalia,Chordata,Actinopterygii,Clupeiformes,Clupeidae,Clupea,Clupea pallasii,4284072,ASV578,species,gbif,NA
Animalia,Chordata,Actinopterygii,Clupeiformes,Clupeidae,Clupea,Clupea pallasii,4284072,ASV609,species,gbif,NA
Animalia,Chordata,Actinopterygii,Clupeiformes,Clupeidae,Clupea,Clupea pallasii,4284072,ASV610,species,gbif,NA
Animalia,Chordata,Actinopterygii,Clupeiformes,Clupeidae,Clupea,Clupea pallasii,4284072,ASV624,species,gbif,NA
Animalia,Chordata,Actinopterygii,Clupeiformes,Clupeidae,Clupea,Clupea pallasii,4284072,ASV628,species,gbif,NA
Animalia,Chordata,Actinopterygii,Gadiformes,Gadidae,Gadus,Gadus chalcogrammus,2415769,ASV2,species,gbif,NA
Animalia,Chordata,Actinopterygii,Gadiformes,Gadidae,Gadus,Gadus chalcogrammus,2415769,ASV12,species,gbif,NA
Animalia,Chordata,Actinopterygii,Gadiformes,Gadidae,Gadus,Gadus chalcogrammus,2415769,ASV25,species,gbif,NA
Animalia,Chordata,Actinopterygii,Gadiformes,Gadidae,Gadus,Gadus chalcogrammus,2415769,ASV26,species,gbif,NA
Animalia,Chordata,Actinopterygii,Gadiformes,Gadidae,Gadus,Gadus chalcogrammus,2415769,ASV48,species,gbif,NA
Animalia,Chordata,Actinopterygii,Gadiformes,Gadidae,Gadus,Gadus chalcogrammus,2415769,ASV75,species,gbif,NA
Animalia,Chordata,Actinopterygii,Gadiformes,Gadidae,Gadus,Gadus chalcogrammus,2415769,ASV77,species,gbif,NA
Animalia,Chordata,Actinopterygii,Gadiformes,Gadidae,Gadus,Gadus chalcogrammus,2415769,ASV78,species,gbif,NA
Animalia,Chordata,Actinopterygii,Gadiformes,Gadidae,Gadus,Gadus chalcogrammus,2415769,ASV79,species,gbif,NA
Animalia,Chordata,Actinopterygii,Gadiformes,Gadidae,Gadus,Gadus chalcogrammus,2415769,ASV89,species,gbif,NA
Animalia,Chordata,Actinopterygii,Gadiformes,Gadidae,Gadus,Gadus chalcogrammus,2415769,ASV104,species,gbif,NA
Animalia,Chordata,Actinopterygii,Gadiformes,Gadidae,Gadus,Gadus chalcogrammus,2415769,ASV123,species,gbif,NA
Animalia,Chordata,Actinopterygii,Gadiformes,Gadidae,Gadus,Gadus chalcogrammus,2415769,ASV127,species,gbif,NA
Animalia,Chordata,Actinopterygii,Gadiformes,Gadidae,Gadus,Gadus chalcogrammus,2415769,ASV131,species,gbif,NA
Animalia,Chordata,Actinopterygii,Gadiformes,Gadidae,Gadus,Gadus chalcogrammus,2415769,ASV169,species,gbif,NA
Animalia,Chordata,Actinopterygii,Gadiformes,Gadidae,Gadus,Gadus chalcogrammus,2415769,ASV170,species,gbif,NA
Animalia,Chordata,Actinopterygii,Gadiformes,Gadidae,Gadus,Gadus chalcogrammus,2415769,ASV174,species,gbif,NA
Animalia,Chordata,Actinopterygii,Gadiformes,Gadidae,Gadus,Gadus chalcogrammus,2415769,ASV177,species,gbif,NA
Animalia,Chordata,Actinopterygii,Gadiformes,Gadidae,Gadus,Gadus chalcogrammus,2415769,ASV181,species,gbif,NA
Animalia,Chordata,Actinopterygii,Gadiformes,Gadidae,Gadus,Gadus chalcogrammus,2415769,ASV194,species,gbif,NA
Animalia,Chordata,Actinopterygii,Gadiformes,Gadidae,Gadus,Gadus chalcogrammus,2415769,ASV195,species,gbif,NA
Animalia,Chordata,Actinopterygii,Gadiformes,Gadidae,Gadus,Gadus chalcogrammus,2415769,ASV205,species,gbif,NA
Animalia,Chordata,Actinopterygii,Gadiformes,Gadidae,Gadus,Gadus chalcogrammus,2415769,ASV220,species,gbif,NA
Animalia,Chordata,Actinopterygii,Gadiformes,Gadidae,Gadus,Gadus chalcogrammus,2415769,ASV223,species,gbif,NA
Animalia,Chordata,Actinopterygii,Gadiformes,Gadidae,Gadus,Gadus chalcogrammus,2415769,ASV228,species,gbif,NA
Animalia,Chordata,Actinopterygii,Gadiformes,Gadidae,Gadus,Gadus chalcogrammus,2415769,ASV230,species,gbif,NA
Animalia,Chordata,Actinopterygii,Gadiformes,Gadidae,Gadus,Gadus chalcogrammus,2415769,ASV235,species,gbif,NA
Animalia,Chordata,Actinopterygii,Gadiformes,Gadidae,Gadus,Gadus chalcogrammus,2415769,ASV238,species,gbif,NA
Animalia,Chordata,Actinopterygii,Gadiformes,Gadidae,Gadus,Gadus chalcogrammus,2415769,ASV251,species,gbif,NA
Animalia,Chordata,Actinopterygii,Gadiformes,Gadidae,Gadus,Gadus chalcogrammus,2415769,ASV256,species,gbif,NA
Animalia,Chordata,Actinopterygii,Gadiformes,Gadidae,Gadus,Gadus chalcogrammus,2415769,ASV258,species,gbif,NA
Animalia,Chordata,Actinopterygii,Gadiformes,Gadidae,Gadus,Gadus chalcogrammus,2415769,ASV265,species,gbif,NA
Animalia,Chordata,Actinopterygii,Gadiformes,Gadidae,Gadus,Gadus chalcogrammus,2415769,ASV269,species,gbif,NA
Animalia,Chordata,Actinopterygii,Gadiformes,Gadidae,Gadus,Gadus chalcogrammus,2415769,ASV276,species,gbif,NA
Animalia,Chordata,Actinopterygii,Gadiformes,Gadidae,Gadus,Gadus chalcogrammus,2415769,ASV282,species,gbif,NA
Animalia,Chordata,Actinopterygii,Gadiformes,Gadidae,Gadus,Gadus chalcogrammus,2415769,ASV284,species,gbif,NA
Animalia,Chordata,Actinopterygii,Gadiformes,Gadidae,Gadus,Gadus chalcogrammus,2415769,ASV292,species,gbif,NA
Animalia,Chordata,Actinopterygii,Gadiformes,Gadidae,Gadus,Gadus chalcogrammus,2415769,ASV293,species,gbif,NA
Animalia,Chordata,Actinopterygii,Gadiformes,Gadidae,Gadus,Gadus chalcogrammus,2415769,ASV300,species,gbif,NA
Animalia,Chordata,Actinopterygii,Gadiformes,Gadidae,Gadus,Gadus chalcogrammus,2415769,ASV307,species,gbif,NA
Animalia,Chordata,Actinopterygii,Gadiformes,Gadidae,Gadus,Gadus chalcogrammus,2415769,ASV311,species,gbif,NA
Animalia,Chordata,Actinopterygii,Gadiformes,Gadidae,Gadus,Gadus chalcogrammus,2415769,ASV325,species,gbif,NA
Animalia,Chordata,Actinopterygii,Gadiformes,Gadidae,Gadus,Gadus chalcogrammus,2415769,ASV329,species,gbif,NA
Animalia,Chordata,Actinopterygii,Gadiformes,Gadidae,Gadus,Gadus chalcogrammus,2415769,ASV333,species,gbif,NA
Animalia,Chordata,Actinopterygii,Gadiformes,Gadidae,Gadus,Gadus chalcogrammus,2415769,ASV334,species,gbif,NA
Animalia,Chordata,Actinopterygii,Gadiformes,Gadidae,Gadus,Gadus chalcogrammus,2415769,ASV338,species,gbif,NA
Animalia,Chordata,Actinopterygii,Gadiformes,Gadidae,Gadus,Gadus chalcogrammus,2415769,ASV340,species,gbif,NA
Animalia,Chordata,Actinopterygii,Gadiformes,Gadidae,Gadus,Gadus chalcogrammus,2415769,ASV341,species,gbif,NA
Animalia,Chordata,Actinopterygii,Gadiformes,Gadidae,Gadus,Gadus chalcogrammus,2415769,ASV353,species,gbif,NA
Animalia,Chordata,Actinopterygii,Gadiformes,Gadidae,Gadus,Gadus chalcogrammus,2415769,ASV355,species,gbif,NA
Animalia,Chordata,Actinopterygii,Gadiformes,Gadidae,Gadus,Gadus chalcogrammus,2415769,ASV361,species,gbif,NA
Animalia,Chordata,Actinopterygii,Gadiformes,Gadidae,Gadus,Gadus chalcogrammus,2415769,ASV367,species,gbif,NA
Animalia,Chordata,Actinopterygii,Gadiformes,Gadidae,Gadus,Gadus chalcogrammus,2415769,ASV371,species,gbif,NA
Animalia,Chordata,Actinopterygii,Gadiformes,Gadidae,Gadus,Gadus chalcogrammus,2415769,ASV393,species,gbif,NA
Animalia,Chordata,Actinopterygii,Gadiformes,Gadidae,Gadus,Gadus chalcogrammus,2415769,ASV397,species,gbif,NA
Animalia,Chordata,Actinopterygii,Gadiformes,Gadidae,Gadus,Gadus chalcogrammus,2415769,ASV399,species,gbif,NA
Animalia,Chordata,Actinopterygii,Gadiformes,Gadidae,Gadus,Gadus chalcogrammus,2415769,ASV410,species,gbif,NA
Animalia,Chordata,Actinopterygii,Gadiformes,Gadidae,Gadus,Gadus chalcogrammus,2415769,ASV427,species,gbif,NA
Animalia,Chordata,Actinopterygii,Gadiformes,Gadidae,Gadus,Gadus chalcogrammus,2415769,ASV428,species,gbif,NA
Animalia,Chordata,Actinopterygii,Gadiformes,Gadidae,Gadus,Gadus chalcogrammus,2415769,ASV451,species,gbif,NA
Animalia,Chordata,Actinopterygii,Gadiformes,Gadidae,Gadus,Gadus chalcogrammus,2415769,ASV463,species,gbif,NA
Animalia,Chordata,Actinopterygii,Gadiformes,Gadidae,Gadus,Gadus chalcogrammus,2415769,ASV466,species,gbif,NA
Animalia,Chordata,Actinopterygii,Gadiformes,Gadidae,Gadus,Gadus chalcogrammus,2415769,ASV469,species,gbif,NA
Animalia,Chordata,Actinopterygii,Gadiformes,Gadidae,Gadus,Gadus chalcogrammus,2415769,ASV475,species,gbif,NA
Animalia,Chordata,Actinopterygii,Gadiformes,Gadidae,Gadus,Gadus chalcogrammus,2415769,ASV487,species,gbif,NA
Animalia,Chordata,Actinopterygii,Gadiformes,Gadidae,Gadus,Gadus chalcogrammus,2415769,ASV489,species,gbif,NA
Animalia,Chordata,Actinopterygii,Gadiformes,Gadidae,Gadus,Gadus chalcogrammus,2415769,ASV492,species,gbif,NA
Animalia,Chordata,Actinopterygii,Gadiformes,Gadidae,Gadus,Gadus chalcogrammus,2415769,ASV497,species,gbif,NA
Animalia,Chordata,Actinopterygii,Gadiformes,Gadidae,Gadus,Gadus chalcogrammus,2415769,ASV504,species,gbif,NA
Animalia,Chordata,Actinopterygii,Gadiformes,Gadidae,Gadus,Gadus chalcogrammus,2415769,ASV508,species,gbif,NA
Animalia,Chordata,Actinopterygii,Gadiformes,Gadidae,Gadus,Gadus chalcogrammus,2415769,ASV509,species,gbif,NA
Animalia,Chordata,Actinopterygii,Gadiformes,Gadidae,Gadus,Gadus chalcogrammus,2415769,ASV513,species,gbif,NA
Animalia,Chordata,Actinopterygii,Gadiformes,Gadidae,Gadus,Gadus chalcogrammus,2415769,ASV517,species,gbif,NA
Animalia,Chordata,Actinopterygii,Gadiformes,Gadidae,Gadus,Gadus chalcogrammus,2415769,ASV518,species,gbif,NA
Animalia,Chordata,Actinopterygii,Gadiformes,Gadidae,Gadus,Gadus chalcogrammus,2415769,ASV519,species,gbif,NA
Animalia,Chordata,Actinopterygii,Gadiformes,Gadidae,Gadus,Gadus chalcogrammus,2415769,ASV520,species,gbif,NA
Animalia,Chordata,Actinopterygii,Gadiformes,Gadidae,Gadus,Gadus chalcogrammus,2415769,ASV529,species,gbif,NA
Animalia,Chordata,Actinopterygii,Gadiformes,Gadidae,Gadus,Gadus chalcogrammus,2415769,ASV533,species,gbif,NA
Animalia,Chordata,Actinopterygii,Gadiformes,Gadidae,Gadus,Gadus chalcogrammus,2415769,ASV535,species,gbif,NA
Animalia,Chordata,Actinopterygii,Gadiformes,Gadidae,Gadus,Gadus chalcogrammus,2415769,ASV536,species,gbif,NA
Animalia,Chordata,Actinopterygii,Gadiformes,Gadidae,Gadus,Gadus chalcogrammus,2415769,ASV547,species,gbif,NA
Animalia,Chordata,Actinopterygii,Gadiformes,Gadidae,Gadus,Gadus chalcogrammus,2415769,ASV552,species,gbif,NA
Animalia,Chordata,Actinopterygii,Gadiformes,Gadidae,Gadus,Gadus chalcogrammus,2415769,ASV554,species,gbif,NA
Animalia,Chordata,Actinopterygii,Gadiformes,Gadidae,Gadus,Gadus chalcogrammus,2415769,ASV584,species,gbif,NA
Animalia,Chordata,Actinopterygii,Gadiformes,Gadidae,Gadus,Gadus chalcogrammus,2415769,ASV608,species,gbif,NA
Animalia,Chordata,Actinopterygii,Gadiformes,Gadidae,Gadus,Gadus chalcogrammus,2415769,ASV612,species,gbif,NA
Animalia,Chordata,Actinopterygii,Gadiformes,Gadidae,Gadus,Gadus chalcogrammus,2415769,ASV620,species,gbif,NA
Animalia,Chordata,Actinopterygii,Gadiformes,Gadidae,Gadus,Gadus chalcogrammus,2415769,ASV622,species,gbif,NA
Animalia,Chordata,Actinopterygii,Gadiformes,Gadidae,Gadus,Gadus chalcogrammus,2415769,ASV623,species,gbif,NA
Animalia,Chordata,Actinopterygii,Gadiformes,Gadidae,Gadus,Gadus chalcogrammus,2415769,ASV631,species,gbif,NA
Animalia,Chordata,Actinopterygii,Gadiformes,Merlucciidae,Merluccius,Merluccius productus,2415676,ASV4,species,gbif,NA
Animalia,Chordata,Actinopterygii,Gadiformes,Merlucciidae,Merluccius,Merluccius productus,2415676,ASV52,species,gbif,NA
Animalia,Chordata,Actinopterygii,Gadiformes,Merlucciidae,Merluccius,Merluccius productus,2415676,ASV113,species,gbif,NA
Animalia,Chordata,Actinopterygii,Gadiformes,Merlucciidae,Merluccius,Merluccius productus,2415676,ASV173,species,gbif,NA
Animalia,Chordata,Actinopterygii,Gadiformes,Merlucciidae,Merluccius,Merluccius productus,2415676,ASV188,species,gbif,NA
Animalia,Chordata,Actinopterygii,Gadiformes,Merlucciidae,Merluccius,Merluccius productus,2415676,ASV208,species,gbif,NA
Animalia,Chordata,Actinopterygii,Gadiformes,Merlucciidae,Merluccius,Merluccius productus,2415676,ASV211,species,gbif,NA
Animalia,Chordata,Actinopterygii,Gadiformes,Merlucciidae,Merluccius,Merluccius productus,2415676,ASV227,species,gbif,NA
Animalia,Chordata,Actinopterygii,Gadiformes,Merlucciidae,Merluccius,Merluccius productus,2415676,ASV266,species,gbif,NA
Animalia,Chordata,Actinopterygii,Gadiformes,Merlucciidae,Merluccius,Merluccius productus,2415676,ASV337,species,gbif,NA
Animalia,Chordata,Actinopterygii,Gadiformes,Merlucciidae,Merluccius,Merluccius productus,2415676,ASV339,species,gbif,NA
Animalia,Chordata,Actinopterygii,Gadiformes,Merlucciidae,Merluccius,Merluccius productus,2415676,ASV362,species,gbif,NA
Animalia,Chordata,Actinopterygii,Gadiformes,Merlucciidae,Merluccius,Merluccius productus,2415676,ASV375,species,gbif,NA
Animalia,Chordata,Actinopterygii,Gadiformes,Merlucciidae,Merluccius,Merluccius productus,2415676,ASV376,species,gbif,NA
Animalia,Chordata,Actinopterygii,Gadiformes,Merlucciidae,Merluccius,Merluccius productus,2415676,ASV381,species,gbif,NA
Animalia,Chordata,Actinopterygii,Gadiformes,Merlucciidae,Merluccius,Merluccius productus,2415676,ASV432,species,gbif,NA
Animalia,Chordata,Actinopterygii,Gadiformes,Merlucciidae,Merluccius,Merluccius productus,2415676,ASV440,species,gbif,NA
Animalia,Chordata,Actinopterygii,Gadiformes,Merlucciidae,Merluccius,Merluccius productus,2415676,ASV444,species,gbif,NA
Animalia,Chordata,Actinopterygii,Gadiformes,Merlucciidae,Merluccius,Merluccius productus,2415676,ASV456,species,gbif,NA
Animalia,Chordata,Actinopterygii,Gadiformes,Merlucciidae,Merluccius,Merluccius productus,2415676,ASV471,species,gbif,NA
Animalia,Chordata,Actinopterygii,Gadiformes,Merlucciidae,Merluccius,Merluccius productus,2415676,ASV484,species,gbif,NA
Animalia,Chordata,Actinopterygii,Gadiformes,Merlucciidae,Merluccius,Merluccius productus,2415676,ASV511,species,gbif,NA
Animalia,Chordata,Actinopterygii,Gadiformes,Merlucciidae,Merluccius,Merluccius productus,2415676,ASV522,species,gbif,NA
Animalia,Chordata,Actinopterygii,Gadiformes,Merlucciidae,Merluccius,Merluccius productus,2415676,ASV531,species,gbif,NA
Animalia,Chordata,Actinopterygii,Gadiformes,Merlucciidae,Merluccius,Merluccius productus,2415676,ASV562,species,gbif,NA
Animalia,Chordata,Actinopterygii,Gadiformes,Merlucciidae,Merluccius,Merluccius productus,2415676,ASV571,species,gbif,NA
Animalia,Chordata,Actinopterygii,Gadiformes,Merlucciidae,Merluccius,Merluccius productus,2415676,ASV601,species,gbif,NA
Animalia,Chordata,Actinopterygii,Gadiformes,Merlucciidae,Merluccius,Merluccius productus,2415676,ASV604,species,gbif,NA
Animalia,Chordata,Actinopterygii,Gadiformes,Merlucciidae,Merluccius,Merluccius productus,2415676,ASV615,species,gbif,NA
Animalia,Chordata,Actinopterygii,Gadiformes,Merlucciidae,Merluccius,Merluccius productus,2415676,ASV625,species,gbif,NA
Animalia,Chordata,Actinopterygii,Gadiformes,Merlucciidae,Merluccius,Merluccius productus,2415676,ASV641,species,gbif,NA
Animalia,Chordata,Actinopterygii,Salmoniformes,Salmonidae,Oncorhynchus,Oncorhynchus nerka,5204039,ASV5,species,gbif,NA
Animalia,Chordata,Actinopterygii,Salmoniformes,Salmonidae,Oncorhynchus,Oncorhynchus nerka,5204039,ASV9,species,gbif,NA
Animalia,Chordata,Actinopterygii,Salmoniformes,Salmonidae,Oncorhynchus,Oncorhynchus nerka,5204039,ASV41,species,gbif,NA
Animalia,Chordata,Actinopterygii,Salmoniformes,Salmonidae,Oncorhynchus,Oncorhynchus nerka,5204039,ASV103,species,gbif,NA
Animalia,Chordata,Actinopterygii,Salmoniformes,Salmonidae,Oncorhynchus,Oncorhynchus nerka,5204039,ASV108,species,gbif,NA
Animalia,Chordata,Actinopterygii,Salmoniformes,Salmonidae,Oncorhynchus,Oncorhynchus nerka,5204039,ASV122,species,gbif,NA
Animalia,Chordata,Actinopterygii,Salmoniformes,Salmonidae,Oncorhynchus,Oncorhynchus nerka,5204039,ASV147,species,gbif,NA
Animalia,Chordata,Actinopterygii,Salmoniformes,Salmonidae,Oncorhynchus,Oncorhynchus nerka,5204039,ASV150,species,gbif,NA
Animalia,Chordata,Actinopterygii,Salmoniformes,Salmonidae,Oncorhynchus,Oncorhynchus nerka,5204039,ASV159,species,gbif,NA
Animalia,Chordata,Actinopterygii,Salmoniformes,Salmonidae,Oncorhynchus,Oncorhynchus nerka,5204039,ASV179,species,gbif,NA
Animalia,Chordata,Actinopterygii,Salmoniformes,Salmonidae,Oncorhynchus,Oncorhynchus nerka,5204039,ASV196,species,gbif,NA
Animalia,Chordata,Actinopterygii,Salmoniformes,Salmonidae,Oncorhynchus,Oncorhynchus nerka,5204039,ASV213,species,gbif,NA
Animalia,Chordata,Actinopterygii,Salmoniformes,Salmonidae,Oncorhynchus,Oncorhynchus nerka,5204039,ASV219,species,gbif,NA
Animalia,Chordata,Actinopterygii,Salmoniformes,Salmonidae,Oncorhynchus,Oncorhynchus nerka,5204039,ASV239,species,gbif,NA
Animalia,Chordata,Actinopterygii,Salmoniformes,Salmonidae,Oncorhynchus,Oncorhynchus nerka,5204039,ASV260,species,gbif,NA
Animalia,Chordata,Actinopterygii,Salmoniformes,Salmonidae,Oncorhynchus,Oncorhynchus nerka,5204039,ASV274,species,gbif,NA
Animalia,Chordata,Actinopterygii,Salmoniformes,Salmonidae,Oncorhynchus,Oncorhynchus nerka,5204039,ASV278,species,gbif,NA
Animalia,Chordata,Actinopterygii,Salmoniformes,Salmonidae,Oncorhynchus,Oncorhynchus nerka,5204039,ASV279,species,gbif,NA
Animalia,Chordata,Actinopterygii,Salmoniformes,Salmonidae,Oncorhynchus,Oncorhynchus nerka,5204039,ASV294,species,gbif,NA
Animalia,Chordata,Actinopterygii,Salmoniformes,Salmonidae,Oncorhynchus,Oncorhynchus nerka,5204039,ASV404,species,gbif,NA
Animalia,Chordata,Actinopterygii,Salmoniformes,Salmonidae,Oncorhynchus,Oncorhynchus nerka,5204039,ASV460,species,gbif,NA
Animalia,Chordata,Actinopterygii,Salmoniformes,Salmonidae,Oncorhynchus,Oncorhynchus nerka,5204039,ASV480,species,gbif,NA
Animalia,Chordata,Actinopterygii,Salmoniformes,Salmonidae,Oncorhynchus,Oncorhynchus nerka,5204039,ASV490,species,gbif,NA
Animalia,Chordata,Actinopterygii,Salmoniformes,Salmonidae,Oncorhynchus,Oncorhynchus nerka,5204039,ASV494,species,gbif,NA
Animalia,Chordata,Actinopterygii,Salmoniformes,Salmonidae,Oncorhynchus,Oncorhynchus nerka,5204039,ASV496,species,gbif,NA
Animalia,Chordata,Actinopterygii,Salmoniformes,Salmonidae,Oncorhynchus,Oncorhynchus nerka,5204039,ASV521,species,gbif,NA
Animalia,Chordata,Actinopterygii,Salmoniformes,Salmonidae,Oncorhynchus,Oncorhynchus nerka,5204039,ASV525,species,gbif,NA
Animalia,Chordata,Actinopterygii,Salmoniformes,Salmonidae,Oncorhynchus,Oncorhynchus nerka,5204039,ASV537,species,gbif,NA
Animalia,Chordata,Actinopterygii,Salmoniformes,Salmonidae,Oncorhynchus,Oncorhynchus nerka,5204039,ASV543,species,gbif,NA
Animalia,Chordata,Actinopterygii,Salmoniformes,Salmonidae,Oncorhynchus,Oncorhynchus nerka,5204039,ASV557,species,gbif,NA
Animalia,Chordata,Actinopterygii,Salmoniformes,Salmonidae,Oncorhynchus,Oncorhynchus nerka,5204039,ASV605,species,gbif,NA
Animalia,Chordata,Actinopterygii,Salmoniformes,Salmonidae,Oncorhynchus,Oncorhynchus nerka,5204039,ASV643,species,gbif,NA
Animalia,Chordata,Actinopterygii,Salmoniformes,Salmonidae,Oncorhynchus,Oncorhynchus kisutch,5204034,ASV6,species,gbif,NA
Animalia,Chordata,Actinopterygii,Salmoniformes,Salmonidae,Oncorhynchus,Oncorhynchus kisutch,5204034,ASV396,species,gbif,NA
Animalia,Chordata,Actinopterygii,Salmoniformes,Salmonidae,Oncorhynchus,Oncorhynchus kisutch,5204034,ASV436,species,gbif,NA
Animalia,Chordata,Actinopterygii,Salmoniformes,Salmonidae,Oncorhynchus,Oncorhynchus kisutch,5204034,ASV506,species,gbif,NA
Animalia,Chordata,Actinopterygii,Salmoniformes,Salmonidae,Oncorhynchus,Oncorhynchus kisutch,5204034,ASV548,species,gbif,NA
Animalia,Chordata,Actinopterygii,Salmoniformes,Salmonidae,Oncorhynchus,Oncorhynchus kisutch,5204034,ASV603,species,gbif,NA
Animalia,Chordata,Actinopterygii,Salmoniformes,Salmonidae,Oncorhynchus,Oncorhynchus kisutch,5204034,ASV626,species,gbif,NA
Animalia,Chordata,Actinopterygii,Scorpaeniformes,Anoplopomatidae,Anoplopoma,Anoplopoma fimbria,2335062,ASV7,species,gbif,NA
Animalia,Chordata,Actinopterygii,Scorpaeniformes,Anoplopomatidae,Anoplopoma,Anoplopoma fimbria,2335062,ASV240,species,gbif,NA
Animalia,Chordata,Actinopterygii,Scorpaeniformes,Anoplopomatidae,Anoplopoma,Anoplopoma fimbria,2335062,ASV241,species,gbif,NA
Animalia,Chordata,Actinopterygii,Scorpaeniformes,Anoplopomatidae,Anoplopoma,Anoplopoma fimbria,2335062,ASV301,species,gbif,NA
Animalia,Chordata,Actinopterygii,Scorpaeniformes,Anoplopomatidae,Anoplopoma,Anoplopoma fimbria,2335062,ASV318,species,gbif,NA
Animalia,Chordata,Actinopterygii,Scorpaeniformes,Anoplopomatidae,Anoplopoma,Anoplopoma fimbria,2335062,ASV382,species,gbif,NA
Animalia,Chordata,Actinopterygii,Scorpaeniformes,Anoplopomatidae,Anoplopoma,Anoplopoma fimbria,2335062,ASV474,species,gbif,NA
Animalia,Chordata,Actinopterygii,Scorpaeniformes,Anoplopomatidae,Anoplopoma,Anoplopoma fimbria,2335062,ASV498,species,gbif,NA
Animalia,Chordata,Actinopterygii,Scorpaeniformes,Anoplopomatidae,Anoplopoma,Anoplopoma fimbria,2335062,ASV510,species,gbif,NA
Animalia,Chordata,Actinopterygii,Scorpaeniformes,Anoplopomatidae,Anoplopoma,Anoplopoma fimbria,2335062,ASV542,species,gbif,NA
Animalia,Chordata,Actinopterygii,Scorpaeniformes,Anoplopomatidae,Anoplopoma,Anoplopoma fimbria,2335062,ASV595,species,gbif,NA
Animalia,Chordata,Actinopterygii,Scorpaeniformes,Sebastidae,Sebastes,Sebastes aleutianus,2335422,ASV8,species,gbif,NA
Animalia,Chordata,Actinopterygii,Scorpaeniformes,Sebastidae,Sebastes,Sebastes aleutianus,2335422,ASV17,species,gbif,NA
Animalia,Chordata,Actinopterygii,Scorpaeniformes,Sebastidae,Sebastes,Sebastes aleutianus,2335422,ASV18,species,gbif,NA
Animalia,Chordata,Actinopterygii,Scorpaeniformes,Sebastidae,Sebastes,Sebastes aleutianus,2335422,ASV23,species,gbif,NA
Animalia,Chordata,Actinopterygii,Scorpaeniformes,Sebastidae,Sebastes,Sebastes aleutianus,2335422,ASV28,species,gbif,NA
Animalia,Chordata,Actinopterygii,Scorpaeniformes,Sebastidae,Sebastes,Sebastes aleutianus,2335422,ASV69,species,gbif,NA
Animalia,Chordata,Actinopterygii,Scorpaeniformes,Sebastidae,Sebastes,Sebastes aleutianus,2335422,ASV100,species,gbif,NA
Animalia,Chordata,Actinopterygii,Scorpaeniformes,Sebastidae,Sebastes,Sebastes aleutianus,2335422,ASV132,species,gbif,NA
Animalia,Chordata,Actinopterygii,Scorpaeniformes,Sebastidae,Sebastes,Sebastes aleutianus,2335422,ASV153,species,gbif,NA
Animalia,Chordata,Actinopterygii,Scorpaeniformes,Sebastidae,Sebastes,Sebastes aleutianus,2335422,ASV185,species,gbif,NA
Animalia,Chordata,Actinopterygii,Scorpaeniformes,Sebastidae,Sebastes,Sebastes aleutianus,2335422,ASV216,species,gbif,NA
Animalia,Chordata,Actinopterygii,Scorpaeniformes,Sebastidae,Sebastes,Sebastes aleutianus,2335422,ASV242,species,gbif,NA
Animalia,Chordata,Actinopterygii,Scorpaeniformes,Sebastidae,Sebastes,Sebastes aleutianus,2335422,ASV250,species,gbif,NA
Animalia,Chordata,Actinopterygii,Scorpaeniformes,Sebastidae,Sebastes,Sebastes aleutianus,2335422,ASV286,species,gbif,NA
Animalia,Chordata,Actinopterygii,Scorpaeniformes,Sebastidae,Sebastes,Sebastes aleutianus,2335422,ASV287,species,gbif,NA
Animalia,Chordata,Actinopterygii,Scorpaeniformes,Sebastidae,Sebastes,Sebastes aleutianus,2335422,ASV314,species,gbif,NA
Animalia,Chordata,Actinopterygii,Scorpaeniformes,Sebastidae,Sebastes,Sebastes aleutianus,2335422,ASV346,species,gbif,NA
Animalia,Chordata,Actinopterygii,Scorpaeniformes,Sebastidae,Sebastes,Sebastes aleutianus,2335422,ASV377,species,gbif,NA
Animalia,Chordata,Actinopterygii,Scorpaeniformes,Sebastidae,Sebastes,Sebastes aleutianus,2335422,ASV384,species,gbif,NA
Animalia,Chordata,Actinopterygii,Scorpaeniformes,Sebastidae,Sebastes,Sebastes aleutianus,2335422,ASV390,species,gbif,NA
Animalia,Chordata,Actinopterygii,Scorpaeniformes,Sebastidae,Sebastes,Sebastes aleutianus,2335422,ASV401,species,gbif,NA
Animalia,Chordata,Actinopterygii,Scorpaeniformes,Sebastidae,Sebastes,Sebastes aleutianus,2335422,ASV406,species,gbif,NA
Animalia,Chordata,Actinopterygii,Scorpaeniformes,Sebastidae,Sebastes,Sebastes aleutianus,2335422,ASV423,species,gbif,NA
Animalia,Chordata,Actinopterygii,Scorpaeniformes,Sebastidae,Sebastes,Sebastes aleutianus,2335422,ASV441,species,gbif,NA
Animalia,Chordata,Actinopterygii,Scorpaeniformes,Sebastidae,Sebastes,Sebastes aleutianus,2335422,ASV445,species,gbif,NA
Animalia,Chordata,Actinopterygii,Scorpaeniformes,Sebastidae,Sebastes,Sebastes aleutianus,2335422,ASV450,species,gbif,NA
Animalia,Chordata,Actinopterygii,Scorpaeniformes,Sebastidae,Sebastes,Sebastes aleutianus,2335422,ASV459,species,gbif,NA
Animalia,Chordata,Actinopterygii,Scorpaeniformes,Sebastidae,Sebastes,Sebastes aleutianus,2335422,ASV464,species,gbif,NA
Animalia,Chordata,Actinopterygii,Scorpaeniformes,Sebastidae,Sebastes,Sebastes aleutianus,2335422,ASV486,species,gbif,NA
Animalia,Chordata,Actinopterygii,Scorpaeniformes,Sebastidae,Sebastes,Sebastes aleutianus,2335422,ASV495,species,gbif,NA
Animalia,Chordata,Actinopterygii,Scorpaeniformes,Sebastidae,Sebastes,Sebastes aleutianus,2335422,ASV512,species,gbif,NA
Animalia,Chordata,Actinopterygii,Scorpaeniformes,Sebastidae,Sebastes,Sebastes aleutianus,2335422,ASV538,species,gbif,NA
Animalia,Chordata,Actinopterygii,Scorpaeniformes,Sebastidae,Sebastes,Sebastes aleutianus,2335422,ASV544,species,gbif,NA
Animalia,Chordata,Actinopterygii,Scorpaeniformes,Sebastidae,Sebastes,Sebastes aleutianus,2335422,ASV568,species,gbif,NA
Animalia,Chordata,Actinopterygii,Scorpaeniformes,Sebastidae,Sebastes,Sebastes aleutianus,2335422,ASV573,species,gbif,NA
Animalia,Chordata,Actinopterygii,Scorpaeniformes,Sebastidae,Sebastes,Sebastes aleutianus,2335422,ASV576,species,gbif,NA
Animalia,Chordata,Actinopterygii,Scorpaeniformes,Sebastidae,Sebastes,Sebastes aleutianus,2335422,ASV583,species,gbif,NA
Animalia,Chordata,Actinopterygii,Scorpaeniformes,Sebastidae,Sebastes,Sebastes aleutianus,2335422,ASV618,species,gbif,NA
Animalia,Chordata,Actinopterygii,Gadiformes,Gadidae,Gadus,Gadus morhua,8084280,ASV10,species,gbif,NA
Animalia,Chordata,Actinopterygii,Gadiformes,Gadidae,Gadus,Gadus morhua,8084280,ASV31,species,gbif,NA
Animalia,Chordata,Actinopterygii,Gadiformes,Gadidae,Gadus,Gadus morhua,8084280,ASV39,species,gbif,NA
Animalia,Chordata,Actinopterygii,Gadiformes,Gadidae,Gadus,Gadus morhua,8084280,ASV95,species,gbif,NA
Animalia,Chordata,Actinopterygii,Gadiformes,Gadidae,Gadus,Gadus morhua,8084280,ASV116,species,gbif,NA
Animalia,Chordata,Actinopterygii,Gadiformes,Gadidae,Gadus,Gadus morhua,8084280,ASV176,species,gbif,NA
Animalia,Chordata,Actinopterygii,Gadiformes,Gadidae,Gadus,Gadus morhua,8084280,ASV249,species,gbif,NA
Animalia,Chordata,Actinopterygii,Gadiformes,Gadidae,Gadus,Gadus morhua,8084280,ASV270,species,gbif,NA
Animalia,Chordata,Actinopterygii,Gadiformes,Gadidae,Gadus,Gadus morhua,8084280,ASV277,species,gbif,NA
Animalia,Chordata,Actinopterygii,Gadiformes,Gadidae,Gadus,Gadus morhua,8084280,ASV312,species,gbif,NA
Animalia,Chordata,Actinopterygii,Gadiformes,Gadidae,Gadus,Gadus morhua,8084280,ASV350,species,gbif,NA
Animalia,Chordata,Actinopterygii,Gadiformes,Gadidae,Gadus,Gadus morhua,8084280,ASV351,species,gbif,NA
Animalia,Chordata,Actinopterygii,Gadiformes,Gadidae,Gadus,Gadus morhua,8084280,ASV443,species,gbif,NA
Animalia,Chordata,Actinopterygii,Gadiformes,Gadidae,Gadus,Gadus morhua,8084280,ASV467,species,gbif,NA
Animalia,Chordata,Actinopterygii,Gadiformes,Gadidae,Gadus,Gadus morhua,8084280,ASV472,species,gbif,NA
Animalia,Chordata,Actinopterygii,Gadiformes,Gadidae,Gadus,Gadus morhua,8084280,ASV479,species,gbif,NA
Animalia,Chordata,Actinopterygii,Gadiformes,Gadidae,Gadus,Gadus morhua,8084280,ASV500,species,gbif,NA
Animalia,Chordata,Actinopterygii,Gadiformes,Gadidae,Gadus,Gadus morhua,8084280,ASV526,species,gbif,NA
Animalia,Chordata,Actinopterygii,Gadiformes,Gadidae,Gadus,Gadus morhua,8084280,ASV555,species,gbif,NA
Animalia,Chordata,Actinopterygii,Gadiformes,Gadidae,Gadus,Gadus morhua,8084280,ASV585,species,gbif,NA
Animalia,Chordata,Actinopterygii,Gadiformes,Gadidae,Gadus,Gadus morhua,8084280,ASV590,species,gbif,NA
Animalia,Chordata,Actinopterygii,Salmoniformes,Salmonidae,Oncorhynchus,Oncorhynchus gorbuscha,5204037,ASV11,species,gbif,NA
Animalia,Chordata,Actinopterygii,Salmoniformes,Salmonidae,Oncorhynchus,Oncorhynchus gorbuscha,5204037,ASV82,species,gbif,NA
Animalia,Chordata,Actinopterygii,Salmoniformes,Salmonidae,Oncorhynchus,Oncorhynchus gorbuscha,5204037,ASV140,species,gbif,NA
Animalia,Chordata,Actinopterygii,Salmoniformes,Salmonidae,Oncorhynchus,Oncorhynchus gorbuscha,5204037,ASV197,species,gbif,NA
Animalia,Chordata,Actinopterygii,Salmoniformes,Salmonidae,Oncorhynchus,Oncorhynchus gorbuscha,5204037,ASV308,species,gbif,NA
Animalia,Chordata,Actinopterygii,Salmoniformes,Salmonidae,Oncorhynchus,Oncorhynchus gorbuscha,5204037,ASV354,species,gbif,NA
Animalia,Chordata,Actinopterygii,Salmoniformes,Salmonidae,Oncorhynchus,Oncorhynchus gorbuscha,5204037,ASV414,species,gbif,NA
Animalia,Chordata,Actinopterygii,Salmoniformes,Salmonidae,Oncorhynchus,Oncorhynchus gorbuscha,5204037,ASV420,species,gbif,NA
Animalia,Chordata,Actinopterygii,Salmoniformes,Salmonidae,Oncorhynchus,Oncorhynchus gorbuscha,5204037,ASV435,species,gbif,NA
Animalia,Chordata,Actinopterygii,Salmoniformes,Salmonidae,Oncorhynchus,Oncorhynchus gorbuscha,5204037,ASV485,species,gbif,NA
Animalia,Chordata,Actinopterygii,Salmoniformes,Salmonidae,Oncorhynchus,Oncorhynchus gorbuscha,5204037,ASV541,species,gbif,NA
Animalia,Chordata,Actinopterygii,Salmoniformes,Salmonidae,Oncorhynchus,Oncorhynchus gorbuscha,5204037,ASV575,species,gbif,NA
Animalia,Chordata,Actinopterygii,Salmoniformes,Salmonidae,Oncorhynchus,Oncorhynchus keta,5204014,ASV13,species,gbif,NA
Animalia,Chordata,Actinopterygii,Salmoniformes,Salmonidae,Oncorhynchus,Oncorhynchus keta,5204014,ASV295,species,gbif,NA
Animalia,Chordata,Actinopterygii,Salmoniformes,Salmonidae,Oncorhynchus,Oncorhynchus keta,5204014,ASV370,species,gbif,NA
Animalia,Chordata,Actinopterygii,Salmoniformes,Salmonidae,Oncorhynchus,Oncorhynchus keta,5204014,ASV424,species,gbif,NA
Animalia,Chordata,Actinopterygii,Salmoniformes,Salmonidae,Oncorhynchus,Oncorhynchus keta,5204014,ASV452,species,gbif,NA
Animalia,Chordata,Actinopterygii,Salmoniformes,Salmonidae,Oncorhynchus,Oncorhynchus keta,5204014,ASV501,species,gbif,NA
Animalia,Chordata,Actinopterygii,Salmoniformes,Salmonidae,Oncorhynchus,Oncorhynchus tshawytscha,5204024,ASV14,species,gbif,NA
Animalia,Chordata,Actinopterygii,Salmoniformes,Salmonidae,Oncorhynchus,Oncorhynchus tshawytscha,5204024,ASV62,species,gbif,NA
Animalia,Chordata,Actinopterygii,Salmoniformes,Salmonidae,Oncorhynchus,Oncorhynchus tshawytscha,5204024,ASV124,species,gbif,NA
Animalia,Chordata,Actinopterygii,Salmoniformes,Salmonidae,Oncorhynchus,Oncorhynchus tshawytscha,5204024,ASV232,species,gbif,NA
Animalia,Chordata,Actinopterygii,Salmoniformes,Salmonidae,Oncorhynchus,Oncorhynchus tshawytscha,5204024,ASV342,species,gbif,NA
Animalia,Chordata,Actinopterygii,Salmoniformes,Salmonidae,Oncorhynchus,Oncorhynchus tshawytscha,5204024,ASV374,species,gbif,NA
Animalia,Chordata,Actinopterygii,Salmoniformes,Salmonidae,Oncorhynchus,Oncorhynchus tshawytscha,5204024,ASV478,species,gbif,NA
Animalia,Chordata,Actinopterygii,Osmeriformes,Osmeridae,Spirinchus,Spirinchus lanceolatus,2410895,ASV15,species,gbif,NA
Animalia,Chordata,Actinopterygii,Osmeriformes,Osmeridae,Spirinchus,Spirinchus lanceolatus,2410895,ASV154,species,gbif,NA
Animalia,Chordata,Actinopterygii,Osmeriformes,Osmeridae,Spirinchus,Spirinchus lanceolatus,2410895,ASV320,species,gbif,NA
Animalia,Chordata,Actinopterygii,Osmeriformes,Osmeridae,Spirinchus,Spirinchus lanceolatus,2410895,ASV326,species,gbif,NA
Animalia,Chordata,Actinopterygii,Osmeriformes,Osmeridae,Spirinchus,Spirinchus lanceolatus,2410895,ASV352,species,gbif,NA
Animalia,Chordata,Actinopterygii,Osmeriformes,Osmeridae,Spirinchus,Spirinchus lanceolatus,2410895,ASV379,species,gbif,NA
Animalia,Chordata,Actinopterygii,Osmeriformes,Osmeridae,Spirinchus,Spirinchus lanceolatus,2410895,ASV439,species,gbif,NA
Animalia,Chordata,Actinopterygii,Osmeriformes,Osmeridae,Spirinchus,Spirinchus lanceolatus,2410895,ASV488,species,gbif,NA
Animalia,Chordata,Actinopterygii,Osmeriformes,Osmeridae,Spirinchus,Spirinchus lanceolatus,2410895,ASV491,species,gbif,NA
Animalia,Chordata,Actinopterygii,Osmeriformes,Osmeridae,Spirinchus,Spirinchus lanceolatus,2410895,ASV534,species,gbif,NA
Animalia,Chordata,Actinopterygii,Osmeriformes,Osmeridae,Spirinchus,Spirinchus lanceolatus,2410895,ASV539,species,gbif,NA
Animalia,Chordata,Actinopterygii,Osmeriformes,Osmeridae,Spirinchus,Spirinchus lanceolatus,2410895,ASV593,species,gbif,NA
Animalia,Chordata,Actinopterygii,Pleuronectiformes,Pleuronectidae,Microstomus,Microstomus kitt,5214022,ASV16,species,gbif,NA
Animalia,Chordata,Actinopterygii,Pleuronectiformes,Pleuronectidae,Microstomus,Microstomus kitt,5214022,ASV66,species,gbif,NA
Animalia,Chordata,Actinopterygii,Pleuronectiformes,Pleuronectidae,Microstomus,Microstomus kitt,5214022,ASV290,species,gbif,NA
Animalia,Chordata,Actinopterygii,Pleuronectiformes,Pleuronectidae,Microstomus,Microstomus kitt,5214022,ASV310,species,gbif,NA
Animalia,Chordata,Actinopterygii,Pleuronectiformes,Pleuronectidae,Microstomus,Microstomus kitt,5214022,ASV323,species,gbif,NA
Animalia,Chordata,Actinopterygii,Pleuronectiformes,Pleuronectidae,Microstomus,Microstomus kitt,5214022,ASV366,species,gbif,NA
Animalia,Chordata,Actinopterygii,Pleuronectiformes,Pleuronectidae,Microstomus,Microstomus kitt,5214022,ASV387,species,gbif,NA
Animalia,Chordata,Actinopterygii,Pleuronectiformes,Pleuronectidae,Microstomus,Microstomus kitt,5214022,ASV395,species,gbif,NA
Animalia,Chordata,Actinopterygii,Pleuronectiformes,Pleuronectidae,Microstomus,Microstomus kitt,5214022,ASV398,species,gbif,NA
Animalia,Chordata,Actinopterygii,Pleuronectiformes,Pleuronectidae,Microstomus,Microstomus kitt,5214022,ASV549,species,gbif,NA
Animalia,Chordata,Actinopterygii,Pleuronectiformes,Pleuronectidae,Microstomus,Microstomus kitt,5214022,ASV556,species,gbif,NA
Animalia,Chordata,Actinopterygii,Pleuronectiformes,Pleuronectidae,Microstomus,Microstomus kitt,5214022,ASV563,species,gbif,NA
Animalia,Chordata,Actinopterygii,Clupeiformes,Clupeidae,Clupea,Clupea harengus,8351946,ASV20,species,gbif,NA
Animalia,Chordata,Actinopterygii,Clupeiformes,Clupeidae,Clupea,Clupea harengus,8351946,ASV58,species,gbif,NA
Animalia,Chordata,Actinopterygii,Clupeiformes,Clupeidae,Clupea,Clupea harengus,8351946,ASV63,species,gbif,NA
Animalia,Chordata,Actinopterygii,Clupeiformes,Clupeidae,Clupea,Clupea harengus,8351946,ASV84,species,gbif,NA
Animalia,Chordata,Actinopterygii,Clupeiformes,Clupeidae,Clupea,Clupea harengus,8351946,ASV85,species,gbif,NA
Animalia,Chordata,Actinopterygii,Clupeiformes,Clupeidae,Clupea,Clupea harengus,8351946,ASV125,species,gbif,NA
Animalia,Chordata,Actinopterygii,Clupeiformes,Clupeidae,Clupea,Clupea harengus,8351946,ASV148,species,gbif,NA
Animalia,Chordata,Actinopterygii,Clupeiformes,Clupeidae,Clupea,Clupea harengus,8351946,ASV171,species,gbif,NA
Animalia,Chordata,Actinopterygii,Clupeiformes,Clupeidae,Clupea,Clupea harengus,8351946,ASV332,species,gbif,NA
Animalia,Chordata,Actinopterygii,Clupeiformes,Clupeidae,Clupea,Clupea harengus,8351946,ASV356,species,gbif,NA
Animalia,Chordata,Actinopterygii,Clupeiformes,Clupeidae,Clupea,Clupea harengus,8351946,ASV454,species,gbif,NA
Animalia,Chordata,Actinopterygii,Clupeiformes,Clupeidae,Clupea,Clupea harengus,8351946,ASV465,species,gbif,NA
Animalia,Chordata,Actinopterygii,Clupeiformes,Clupeidae,Clupea,Clupea harengus,8351946,ASV553,species,gbif,NA
Animalia,Chordata,Actinopterygii,Perciformes,Embiotocidae,Rhacochilus,Rhacochilus vacca,2389313,ASV21,species,gbif,NA
Animalia,Chordata,Actinopterygii,Perciformes,Embiotocidae,Rhacochilus,Rhacochilus vacca,2389313,ASV447,species,gbif,NA
Animalia,Chordata,Actinopterygii,Perciformes,Pholidae,Pholis,Pholis crassispina,5210429,ASV22,species,gbif,NA
Animalia,Chordata,Actinopterygii,Perciformes,Pholidae,Pholis,Pholis crassispina,5210429,ASV45,species,gbif,NA
Animalia,Chordata,Actinopterygii,Perciformes,Pholidae,Pholis,Pholis crassispina,5210429,ASV236,species,gbif,NA
Animalia,Chordata,Actinopterygii,Perciformes,Pholidae,Pholis,Pholis crassispina,5210429,ASV569,species,gbif,NA
Animalia,Chordata,Actinopterygii,Perciformes,Pholidae,Pholis,Pholis crassispina,5210429,ASV581,species,gbif,NA
Animalia,Chordata,Actinopterygii,Pleuronectiformes,Pleuronectidae,Hippoglossus,Hippoglossus stenolepis,2409216,ASV24,species,gbif,NA
Animalia,Chordata,Actinopterygii,Pleuronectiformes,Pleuronectidae,Hippoglossus,Hippoglossus stenolepis,2409216,ASV71,species,gbif,NA
Animalia,Chordata,Actinopterygii,Pleuronectiformes,Pleuronectidae,Hippoglossus,Hippoglossus stenolepis,2409216,ASV304,species,gbif,NA
Animalia,Chordata,Actinopterygii,Pleuronectiformes,Pleuronectidae,Hippoglossus,Hippoglossus stenolepis,2409216,ASV433,species,gbif,NA
Animalia,Chordata,Actinopterygii,Pleuronectiformes,Pleuronectidae,Hippoglossus,Hippoglossus stenolepis,2409216,ASV481,species,gbif,NA
Animalia,Chordata,Actinopterygii,Pleuronectiformes,Pleuronectidae,Hippoglossus,Hippoglossus stenolepis,2409216,ASV532,species,gbif,NA
Chromista,Ochrophyta,Bacillariophyceae,Thalassiosirales,Skeletonemaceae,Skeletonema,Skeletonema pseudocostatum,3193385,ASV27,species,gbif,NA
Chromista,Ochrophyta,Bacillariophyceae,Thalassiosirales,Skeletonemaceae,Skeletonema,Skeletonema pseudocostatum,3193385,ASV86,species,gbif,NA
Chromista,Ochrophyta,Bacillariophyceae,Thalassiosirales,Skeletonemaceae,Skeletonema,Skeletonema pseudocostatum,3193385,ASV133,species,gbif,NA
Chromista,Ochrophyta,Bacillariophyceae,Thalassiosirales,Skeletonemaceae,Skeletonema,Skeletonema pseudocostatum,3193385,ASV245,species,gbif,NA
Chromista,Ochrophyta,Bacillariophyceae,Thalassiosirales,Skeletonemaceae,Skeletonema,Skeletonema pseudocostatum,3193385,ASV430,species,gbif,NA
Chromista,Ochrophyta,Bacillariophyceae,Thalassiosirales,Skeletonemaceae,Skeletonema,Skeletonema pseudocostatum,3193385,ASV437,species,gbif,NA
Chromista,Ochrophyta,Bacillariophyceae,Thalassiosirales,Skeletonemaceae,Skeletonema,Skeletonema pseudocostatum,3193385,ASV455,species,gbif,NA
Animalia,Chordata,Actinopterygii,Pleuronectiformes,Paralichthyidae,Citharichthys,Citharichthys stigmaeus,2408737,ASV30,species,gbif,NA
Animalia,Chordata,Actinopterygii,Pleuronectiformes,Paralichthyidae,Citharichthys,Citharichthys stigmaeus,2408737,ASV229,species,gbif,NA
Animalia,Chordata,Actinopterygii,Pleuronectiformes,Paralichthyidae,Citharichthys,Citharichthys stigmaeus,2408737,ASV388,species,gbif,NA
Chromista,Ochrophyta,Bacillariophyceae,Rhizosoleniales,Rhizosoleniaceae,Rhizosolenia,Rhizosolenia setigera,5421999,ASV32,species,gbif,NA
Chromista,Ochrophyta,Bacillariophyceae,Rhizosoleniales,Rhizosoleniaceae,Rhizosolenia,Rhizosolenia setigera,5421999,ASV109,species,gbif,NA
Chromista,Ochrophyta,Bacillariophyceae,Rhizosoleniales,Rhizosoleniaceae,Rhizosolenia,Rhizosolenia setigera,5421999,ASV110,species,gbif,NA
Chromista,Ochrophyta,Bacillariophyceae,Rhizosoleniales,Rhizosoleniaceae,Rhizosolenia,Rhizosolenia setigera,5421999,ASV209,species,gbif,NA
Chromista,Ochrophyta,Bacillariophyceae,Rhizosoleniales,Rhizosoleniaceae,Rhizosolenia,Rhizosolenia setigera,5421999,ASV246,species,gbif,NA
Chromista,Ochrophyta,Bacillariophyceae,Rhizosoleniales,Rhizosoleniaceae,Rhizosolenia,Rhizosolenia setigera,5421999,ASV252,species,gbif,NA
Chromista,Ochrophyta,Bacillariophyceae,Rhizosoleniales,Rhizosoleniaceae,Rhizosolenia,Rhizosolenia setigera,5421999,ASV268,species,gbif,NA
Chromista,Ochrophyta,Bacillariophyceae,Rhizosoleniales,Rhizosoleniaceae,Rhizosolenia,Rhizosolenia setigera,5421999,ASV302,species,gbif,NA
Chromista,Ochrophyta,Bacillariophyceae,Rhizosoleniales,Rhizosoleniaceae,Rhizosolenia,Rhizosolenia setigera,5421999,ASV313,species,gbif,NA
Chromista,Ochrophyta,Bacillariophyceae,Rhizosoleniales,Rhizosoleniaceae,Rhizosolenia,Rhizosolenia setigera,5421999,ASV315,species,gbif,NA
Chromista,Ochrophyta,Bacillariophyceae,Rhizosoleniales,Rhizosoleniaceae,Rhizosolenia,Rhizosolenia setigera,5421999,ASV597,species,gbif,NA
Animalia,Chordata,Actinopterygii,Scorpaeniformes,Hexagrammidae,Hexagrammos,Hexagrammos decagrammus,2336472,ASV34,species,gbif,NA
Animalia,Chordata,Actinopterygii,Scorpaeniformes,Hexagrammidae,Hexagrammos,Hexagrammos decagrammus,2336472,ASV394,species,gbif,NA
Chromista,Foraminifera,Globothalamea,Rotaliida,Calcarinidae,Pararotalia,Pararotalia nipponica,7970185,ASV35,species,gbif,NA
Animalia,Chordata,Actinopterygii,Perciformes,Stichaeidae,Xiphister,Xiphister atropurpureus,2394813,ASV36,species,gbif,NA
Animalia,Chordata,Actinopterygii,Perciformes,Stichaeidae,Xiphister,Xiphister atropurpureus,2394813,ASV214,species,gbif,NA
Animalia,Chordata,Actinopterygii,Perciformes,Stichaeidae,Xiphister,Xiphister atropurpureus,2394813,ASV421,species,gbif,NA
Animalia,Chordata,Actinopterygii,Perciformes,Stichaeidae,Xiphister,Xiphister atropurpureus,2394813,ASV422,species,gbif,NA
Animalia,Chordata,Actinopterygii,Pleuronectiformes,Paralichthyidae,Citharichthys,Citharichthys xanthostigma,2408742,ASV37,species,gbif,NA
Animalia,Chordata,Mammalia,Primates,Hominidae,Homo,Homo sapiens,2436436,ASV40,species,gbif,NA
Animalia,Chordata,Mammalia,Primates,Hominidae,Homo,Homo sapiens,2436436,ASV83,species,gbif,NA
Animalia,Chordata,Mammalia,Primates,Hominidae,Homo,Homo sapiens,2436436,ASV345,species,gbif,NA
Animalia,Chordata,Mammalia,Primates,Hominidae,Homo,Homo sapiens,2436436,ASV619,species,gbif,NA
Animalia,Chordata,Actinopterygii,Perciformes,Ammodytidae,Ammodytes,Ammodytes personatus,2389997,ASV42,species,gbif,NA
Animalia,Chordata,Actinopterygii,Perciformes,Ammodytidae,Ammodytes,Ammodytes personatus,2389997,ASV55,species,gbif,NA
Animalia,Chordata,Actinopterygii,Perciformes,Ammodytidae,Ammodytes,Ammodytes personatus,2389997,ASV221,species,gbif,NA
Animalia,Chordata,Actinopterygii,Perciformes,Ammodytidae,Ammodytes,Ammodytes personatus,2389997,ASV453,species,gbif,NA
Animalia,Chordata,Actinopterygii,Scorpaeniformes,Liparidae,Liparis,Liparis gibbus,5201429,ASV44,species,gbif,NA
Animalia,Chordata,Actinopterygii,Pleuronectiformes,Pleuronectidae,Microstomus,Microstomus pacificus,5214028,ASV46,species,gbif,NA
Animalia,Chordata,Actinopterygii,Pleuronectiformes,Pleuronectidae,Microstomus,Microstomus pacificus,5214028,ASV617,species,gbif,NA
Animalia,Chordata,Holocephali,Chimaeriformes,Chimaeridae,Hydrolagus,Hydrolagus colliei,5215461,ASV47,species,gbif,NA
Animalia,Chordata,Holocephali,Chimaeriformes,Chimaeridae,Hydrolagus,Hydrolagus colliei,5215461,ASV178,species,gbif,NA
Animalia,Chordata,Holocephali,Chimaeriformes,Chimaeridae,Hydrolagus,Hydrolagus colliei,5215461,ASV429,species,gbif,NA
Animalia,Chordata,Actinopterygii,Scorpaeniformes,Cottidae,Artedius,Artedius lateralis,2333966,ASV56,species,gbif,NA
Animalia,Chordata,Actinopterygii,Scorpaeniformes,Cottidae,Artedius,Artedius lateralis,2333966,ASV322,species,gbif,NA
Animalia,Chordata,Actinopterygii,Perciformes,Embiotocidae,Cymatogaster,Cymatogaster aggregata,2389234,ASV57,species,gbif,NA
Animalia,Chordata,Actinopterygii,Perciformes,Embiotocidae,Cymatogaster,Cymatogaster aggregata,2389234,ASV408,species,gbif,NA
Animalia,Chordata,Actinopterygii,Perciformes,Embiotocidae,Cymatogaster,Cymatogaster aggregata,2389234,ASV409,species,gbif,NA
Animalia,Chordata,Actinopterygii,Perciformes,Embiotocidae,Cymatogaster,Cymatogaster aggregata,2389234,ASV419,species,gbif,NA
Animalia,Chordata,Actinopterygii,Perciformes,Embiotocidae,Cymatogaster,Cymatogaster aggregata,2389234,ASV580,species,gbif,NA
Animalia,Chordata,Actinopterygii,Scorpaeniformes,Cottidae,Enophrys,Enophrys bison,5201188,ASV61,species,gbif,NA
Animalia,Chordata,Actinopterygii,Scorpaeniformes,Cottidae,Enophrys,Enophrys bison,5201188,ASV600,species,gbif,NA
Animalia,Chordata,Actinopterygii,Pleuronectiformes,Pleuronectidae,Atheresthes,Atheresthes evermanni,2409095,ASV64,species,gbif,NA
Animalia,Chordata,Actinopterygii,Pleuronectiformes,Pleuronectidae,Atheresthes,Atheresthes evermanni,2409095,ASV378,species,gbif,NA
Animalia,Chordata,Actinopterygii,Pleuronectiformes,Pleuronectidae,Atheresthes,Atheresthes evermanni,2409095,ASV499,species,gbif,NA
Chromista,Ochrophyta,Bacillariophyceae,NA,NA,Syringidium,Syringidium daemon,5421727,ASV74,species,gbif,NA
Chromista,Ochrophyta,Bacillariophyceae,NA,NA,Syringidium,Syringidium daemon,5421727,ASV114,species,gbif,NA
Animalia,Chordata,Actinopterygii,Scorpaeniformes,Agonidae,Agonopsis,Agonopsis vulsa,5201655,ASV90,species,gbif,NA
Animalia,Chordata,Actinopterygii,Scorpaeniformes,Cottidae,Oligocottus,Oligocottus maculosus,2333746,ASV93,species,gbif,NA
Animalia,Chordata,Actinopterygii,Scorpaeniformes,Cottidae,Oligocottus,Oligocottus maculosus,2333746,ASV385,species,gbif,NA
Animalia,Chordata,Actinopterygii,Pleuronectiformes,Pleuronectidae,Psettichthys,Psettichthys melanostictus,2409051,ASV101,species,gbif,NA
Animalia,Chordata,Actinopterygii,Pleuronectiformes,Pleuronectidae,Psettichthys,Psettichthys melanostictus,2409051,ASV565,species,gbif,NA
Animalia,Chordata,Actinopterygii,Scorpaeniformes,Cottidae,Hemilepidotus,Hemilepidotus jordani,2333945,ASV112,species,gbif,NA
Animalia,Chordata,Actinopterygii,Osmeriformes,Bathylagidae,Bathylagus,Bathylagus pacificus,2410970,ASV115,species,gbif,NA
Animalia,Chordata,Actinopterygii,Osmeriformes,Bathylagidae,Bathylagus,Bathylagus pacificus,2410970,ASV627,species,gbif,NA
Chromista,Ochrophyta,Bacillariophyceae,Chaetocerotales,Chaetocerotaceae,Chaetoceros,Chaetoceros diadema,3192947,ASV142,species,gbif,NA
Chromista,Ochrophyta,Bacillariophyceae,Chaetocerotales,Chaetocerotaceae,Chaetoceros,Chaetoceros diadema,3192947,ASV262,species,gbif,NA
Chromista,Ochrophyta,Bacillariophyceae,Chaetocerotales,Chaetocerotaceae,Chaetoceros,Chaetoceros diadema,3192947,ASV303,species,gbif,NA
Chromista,Ochrophyta,Bacillariophyceae,Chaetocerotales,Chaetocerotaceae,Chaetoceros,Chaetoceros diadema,3192947,ASV386,species,gbif,NA
Chromista,Ochrophyta,Bacillariophyceae,Chaetocerotales,Chaetocerotaceae,Chaetoceros,Chaetoceros simplex,7501406,ASV144,species,gbif,NA
Chromista,Ochrophyta,Bacillariophyceae,Chaetocerotales,Chaetocerotaceae,Chaetoceros,Chaetoceros simplex,7501406,ASV306,species,gbif,NA
Animalia,Chordata,Actinopterygii,Scorpaeniformes,Liparidae,Liparis,Liparis fucensis,5201508,ASV163,species,gbif,NA
Animalia,Chordata,Actinopterygii,Gobiesociformes,Gobiesocidae,Gobiesox,Gobiesox maeandricus,2411287,ASV166,species,gbif,NA
Animalia,Chordata,Actinopterygii,Gobiesociformes,Gobiesocidae,Gobiesox,Gobiesox maeandricus,2411287,ASV477,species,gbif,NA
Chromista,Foraminifera,Globothalamea,Rotaliida,Virgulinellidae,Virgulinella,Virgulinella fragilis,7450812,ASV191,species,gbif,NA
Chromista,Foraminifera,Globothalamea,Rotaliida,Virgulinellidae,Virgulinella,Virgulinella fragilis,7450812,ASV217,species,gbif,NA
Chromista,Foraminifera,Globothalamea,Rotaliida,Virgulinellidae,Virgulinella,Virgulinella fragilis,7450812,ASV247,species,gbif,NA
Chromista,Foraminifera,Globothalamea,Rotaliida,Virgulinellidae,Virgulinella,Virgulinella fragilis,7450812,ASV330,species,gbif,NA
Chromista,Foraminifera,Globothalamea,Rotaliida,Virgulinellidae,Virgulinella,Virgulinella fragilis,7450812,ASV336,species,gbif,NA
Animalia,Chordata,Actinopterygii,Clupeiformes,Clupeidae,Sprattus,Sprattus sprattus,2413452,ASV199,species,gbif,NA
Animalia,Chordata,Actinopterygii,Clupeiformes,Clupeidae,Sprattus,Sprattus sprattus,2413452,ASV267,species,gbif,NA
Chromista,Ochrophyta,Bacillariophyceae,Bacillariales,Bacillariaceae,Pseudo-nitzschia,Pseudo-nitzschia multiseries,7563157,ASV206,species,gbif,NA
Animalia,Chordata,Mammalia,Artiodactyla,Bovidae,Bos,Bos taurus,2441022,ASV207,species,gbif,NA
Animalia,Chordata,Mammalia,Artiodactyla,Bovidae,Bos,Bos taurus,2441022,ASV602,species,gbif,NA
Animalia,Chordata,Mammalia,Artiodactyla,Bovidae,Bos,Bos taurus,2441022,ASV635,species,gbif,NA
Animalia,Chordata,Mammalia,Artiodactyla,Bovidae,Bos,Bos taurus,2441022,ASV638,species,gbif,NA
Animalia,Chordata,Actinopterygii,Clupeiformes,Clupeidae,Alosa,Alosa fallax,2412623,ASV212,species,gbif,NA
Animalia,Chordata,Actinopterygii,Clupeiformes,Clupeidae,Alosa,Alosa fallax,2412623,ASV586,species,gbif,NA
Animalia,Chordata,Actinopterygii,Osmeriformes,Osmeridae,Mallotus,Mallotus villosus,5214420,ASV218,species,gbif,NA
Animalia,Chordata,Actinopterygii,Scorpaeniformes,Sebastidae,Sebastes,Sebastes trivittatus,2335369,ASV224,species,gbif,NA
Animalia,Chordata,Actinopterygii,Clupeiformes,Engraulidae,Engraulis,Engraulis mordax,2414024,ASV243,species,gbif,NA
Animalia,Chordata,Actinopterygii,Clupeiformes,Engraulidae,Engraulis,Engraulis mordax,2414024,ASV613,species,gbif,NA
Chromista,Ochrophyta,Bacillariophyceae,Thalassionematales,Thalassionemataceae,Thalassionema,Thalassionema frauenfeldii,7572100,ASV261,species,gbif,NA
Animalia,Chordata,Mammalia,Artiodactyla,Suidae,Sus,Sus scrofa,7705930,ASV331,species,gbif,NA
Animalia,Chordata,Mammalia,Artiodactyla,Suidae,Sus,Sus scrofa,7705930,ASV599,species,gbif,NA
Animalia,Chordata,Actinopterygii,Myctophiformes,Myctophidae,Diaphus,Diaphus theta,2406199,ASV365,species,gbif,NA
Chromista,Ochrophyta,Bacillariophyceae,Corethrales,Corethraceae,Corethron,Corethron pennatum,3193839,ASV411,species,gbif,NA
Animalia,Chordata,Actinopterygii,Gadiformes,Gadidae,Gadus,Gadus macrocephalus,2415827,ASV457,species,gbif,NA
Animalia,Chordata,Actinopterygii,Scorpaeniformes,Sebastidae,Sebastolobus,Sebastolobus macrochir,2335324,ASV514,species,gbif,NA
Chromista,Ochrophyta,Bacillariophyceae,Leptocylindrales,Leptocylindraceae,Leptocylindrus,Leptocylindrus danicus,9328082,ASV564,species,gbif,NA
Animalia,Chordata,Elasmobranchii,Squaliformes,Squalidae,Squalus,Squalus acanthias,5216368,ASV592,species,gbif,NA
Animalia,Chordata,Actinopterygii,Salmoniformes,Salmonidae,Salmo,Salmo salar,7595433,ASV598,species,gbif,NA
Chromista,Ochrophyta,Bacillariophyceae,Chaetocerotales,Chaetocerotaceae,Chaetoceros,Chaetoceros socialis,4275426,ASV611,species,gbif,NA
Chromista,Ochrophyta,Bacillariophyceae,Chaetocerotales,Chaetocerotaceae,Chaetoceros,Chaetoceros socialis,4275426,ASV616,species,gbif,NA
Animalia,Chordata,Actinopterygii,Scorpaeniformes,Cottidae,Leptocottus,Leptocottus armatus,2333923,ASV630,species,gbif,NA
Animalia,Chordata,Mammalia,Cetacea,Phocoenidae,Phocoena,Phocoena phocoena,2440669,ASV639,species,gbif,NA
Animalia,Chordata,Actinopterygii,Scorpaeniformes,Cottidae,Artedius,Artedius harringtoni,2333963,ASV640,species,gbif,NA
Animalia,Chordata,Actinopterygii,Scorpaeniformes,Cottidae,Ascelichthys,Ascelichthys rhodorus,2334021,ASV642,species,gbif,NA
Animalia,Chordata,Actinopterygii,Scorpaeniformes,Hexagrammidae,Hexagrammos,Hexagrammos agrammus,2336490,ASV644,species,gbif,NA
Chromista,Ochrophyta,Bacillariophyceae,Thalassionematales,Thalassionemataceae,Thalassionema,NA,NA,ASV135,genus,gbif,NA
Chromista,Ochrophyta,Bacillariophyceae,Thalassiosirales,Thalassiosiraceae,Thalassiosira,NA,8681552,ASV29,genus,gbif,NA
Chromista,Ochrophyta,Bacillariophyceae,Thalassiosirales,Thalassiosiraceae,Thalassiosira,NA,8681552,ASV577,genus,gbif,NA
Bacteria,Proteobacteria,Gammaproteobacteria,Enterobacterales,Psychromonadaceae,Psychromonas,NA,5908300,ASV72,genus,gbif,NA
Bacteria,Proteobacteria,Gammaproteobacteria,Enterobacterales,Psychromonadaceae,Psychromonas,NA,5908300,ASV402,genus,gbif,NA
Animalia,Chordata,Actinopteri,Pleuronectiformes,Pleuronectidae,Myzopsetta,NA,NA,ASV49,genus,worms,319505
Animalia,Chordata,Actinopteri,Pleuronectiformes,Pleuronectidae,Myzopsetta,NA,NA,ASV442,genus,worms,319505
